{"train loss": [1.7544463307429583, 1.3332023819287617, 1.1087573109528956, 0.9572303195794424, 0.844975068171819, 0.7602489370566148, 0.6882255505292844, 0.6356864339266068, 0.5974188248316447, 0.5553558578093847, 0.5276869109043708, 0.49951366973228944, 0.47664317939525996, 0.4524953627433532, 0.4397135281792054, 0.42080586285163196, 0.4043863776784677, 0.38832345872353285, 0.368697397563702, 0.3607113934862308, 0.34556555576049364, 0.3323073108608906, 0.3226334197781025, 0.31542370433990774, 0.3021124500876818, 0.2929351361134113, 0.2808435522784025, 0.27670289958134675, 0.26567320835131863, 0.2603106653843171, 0.2542123360893665, 0.24452736876331843, 0.24164595571465983, 0.22938628093554422, 0.22602738480155285, 0.22195271998643876, 0.2154184066141263, 0.20687589748547627, 0.2032183634929168, 0.19718907683705672, 0.19338274775789335, 0.19187014611103595, 0.18469477072358131, 0.183874734185445, 0.1802250952961353, 0.17161523758027797, 0.17220747029552094, 0.1645114068992627, 0.16421382861832778, 0.16086655294474883], "train acc": [34.31290064102564, 51.3661858974359, 60.17427884615385, 65.94350961538461, 70.06610576923077, 73.3233173076923, 75.90745192307692, 77.82852564102564, 79.15464743589743, 80.92147435897436, 81.79286858974359, 82.7744391025641, 83.35536858974359, 84.42708333333333, 84.74358974358974, 85.25240384615384, 86.0516826923077, 86.43429487179488, 87.30969551282051, 87.49399038461539, 87.87860576923077, 88.4755608974359, 88.81009615384616, 89.02844551282051, 89.4150641025641, 89.85576923076923, 90.26241987179488, 90.2764423076923, 90.67908653846153, 90.90945512820512, 91.02964743589743, 91.45633012820512, 91.6786858974359, 91.93709935897436, 92.0292467948718, 92.28365384615384, 92.41185897435898, 92.78445512820512, 92.8125, 93.125, 93.13501602564102, 93.17508012820512, 93.48557692307692, 93.5136217948718, 93.7860576923077, 94.06850961538461, 93.85817307692308, 94.19070512820512, 94.24278846153847, 94.3369391025641], "test loss": [1.506368601322174, 1.2258486986160277, 1.2072129607200623, 1.0080945789813995, 0.8576815307140351, 0.7723571360111237, 0.9200649738311768, 0.683473539352417, 0.7015109777450561, 0.6640827596187592, 0.6788492500782013, 0.5565248727798462, 0.6280928730964661, 0.5452345967292785, 0.5852823317050934, 0.6002474784851074, 0.5377345442771911, 0.5604057729244232, 0.5367705583572387, 0.47223070859909055, 0.4955453187227249, 0.480447793006897, 0.45383262634277344, 0.43676927089691164, 0.5254866719245911, 0.4622542172670364, 0.5041381239891052, 0.4903805047273636, 0.44487686455249786, 0.4047738671302795, 0.4427161067724228, 0.42658649384975433, 0.4705298364162445, 0.41320005655288694, 0.4326841473579407, 0.40631207823753357, 0.44946305751800536, 0.4429913401603699, 0.41916419863700866, 0.428261336684227, 0.4414866179227829, 0.4310335338115692, 0.4517855912446976, 0.41884346306324005, 0.4389526963233948, 0.3984815388917923, 0.4079387992620468, 0.39358009696006774, 0.4161397576332092, 0.41828676462173464], "test acc": [44.20000114440918, 56.30000038146973, 59.01000061035156, 64.7400016784668, 70.6500015258789, 73.01000213623047, 68.48000259399414, 76.27000122070312, 76.85000152587891, 77.02000122070312, 76.85000152587891, 80.71000213623047, 79.26000289916992, 81.43000183105468, 80.16000213623047, 79.30000228881836, 81.71000137329102, 80.77000198364257, 82.39000091552734, 84.02000122070312, 83.40000076293946, 83.64000244140625, 84.91000137329101, 85.55000076293945, 83.12000122070313, 84.56000137329102, 83.63000106811523, 84.16000213623047, 85.53000259399414, 86.72000198364258, 85.57000122070312, 85.79000244140624, 85.21000137329102, 86.28000183105469, 85.93000106811523, 86.58000183105469, 85.75000228881837, 86.23000259399414, 86.74000091552735, 86.4400016784668, 86.5000015258789, 86.4000015258789, 85.5400016784668, 87.11000137329101, 86.29000244140624, 87.7900016784668, 87.75000228881837, 87.57000274658203, 87.12000198364258, 87.34000167846679], "time": ["2021-04-12T01:27:34.272482", "2021-04-12T01:28:37.650090", "2021-04-12T01:29:41.150366", "2021-04-12T01:30:44.539216", "2021-04-12T01:31:47.943440", "2021-04-12T01:32:51.444004", "2021-04-12T01:33:54.963559", "2021-04-12T01:34:58.491996", "2021-04-12T01:36:01.806233", "2021-04-12T01:37:05.252338", "2021-04-12T01:38:08.598829", "2021-04-12T01:39:11.907049", "2021-04-12T01:40:15.383459", "2021-04-12T01:41:18.839375", "2021-04-12T01:42:22.125223", "2021-04-12T01:43:25.595832", "2021-04-12T01:44:29.038385", "2021-04-12T01:45:32.387503", "2021-04-12T01:46:36.024459", "2021-04-12T01:47:39.482545", "2021-04-12T01:48:42.996123", "2021-04-12T01:49:46.391687", "2021-04-12T01:50:49.868485", "2021-04-12T01:51:53.405438", "2021-04-12T01:52:56.825145", "2021-04-12T01:54:00.405616", "2021-04-12T01:55:03.762744", "2021-04-12T01:56:07.222592", "2021-04-12T01:57:10.671487", "2021-04-12T01:58:14.317031", "2021-04-12T01:59:17.750910", "2021-04-12T02:00:21.275294", "2021-04-12T02:01:24.684524", "2021-04-12T02:02:28.147014", "2021-04-12T02:03:31.436332", "2021-04-12T02:04:35.006858", "2021-04-12T02:05:38.451589", "2021-04-12T02:06:41.951628", "2021-04-12T02:07:45.411861", "2021-04-12T02:08:48.838245", "2021-04-12T02:09:52.406909", "2021-04-12T02:10:55.948449", "2021-04-12T02:11:59.349352", "2021-04-12T02:13:02.896995", "2021-04-12T02:14:06.435251", "2021-04-12T02:15:09.829094", "2021-04-12T02:16:13.259468", "2021-04-12T02:17:16.696789", "2021-04-12T02:18:20.164527", "2021-04-12T02:19:23.560910"]}