{"train loss": [1.2581050457098546, 0.7839036839130598, 0.608311291382863, 0.5094221659195729, 0.43900296802704153, 0.39169796938315415, 0.3486617866234902, 0.32213739917064327, 0.2940159998834133, 0.2600440707153235, 0.24221913459209296, 0.22101162496285562, 0.20493304775311397, 0.19086514703738383, 0.17542848449486953, 0.16285139738749235, 0.15179306703309217, 0.13836917070051033, 0.135164988738222, 0.12074160440227924, 0.1108152279104942, 0.10606306333285875, 0.10353360198056087, 0.09824475160298439, 0.09545832803616157, 0.08656924340921716, 0.07757411643337363, 0.08034048285812903, 0.07759455650662765, 0.07179994540145763, 0.0728463407056645, 0.06848922589172919, 0.06477365971853336, 0.06186094981952547, 0.06194186320003026, 0.05873215365080306, 0.06011307093864068, 0.0501188640584214, 0.05599127449692251, 0.050597143589924926, 0.05637410746123164, 0.04760187930570772, 0.05220095343075884, 0.04221939667223547, 0.051808656544949955, 0.04547905059507451, 0.04041986159968357, 0.04688463311117047, 0.04112822306760324, 0.045275056797366306], "train acc": [53.932291666666664, 72.31370192307692, 78.73597756410257, 82.42788461538461, 84.91185897435898, 86.50440705128206, 87.87459935897436, 88.80608974358974, 89.89583333333333, 90.8954326923077, 91.49238782051282, 92.28966346153847, 92.9326923076923, 93.3994391025641, 93.76201923076923, 94.32692307692308, 94.67548076923077, 95.13421474358974, 95.26442307692308, 95.84535256410257, 96.18589743589743, 96.27604166666667, 96.38020833333333, 96.55849358974359, 96.59054487179488, 97.01522435897436, 97.2636217948718, 97.15945512820512, 97.3076923076923, 97.51001602564102, 97.41185897435898, 97.5761217948718, 97.7764423076923, 97.89663461538461, 97.82852564102564, 97.90264423076923, 97.91666666666667, 98.25520833333333, 97.97676282051282, 98.22916666666667, 98.05889423076923, 98.37540064102564, 98.18509615384616, 98.59375, 98.19310897435898, 98.40945512820512, 98.58373397435898, 98.35136217948718, 98.57371794871794, 98.44150641025641], "test loss": [1.1337718605995177, 0.8511109292507172, 0.8051043450832367, 0.5869914293289185, 0.5027998596429825, 0.5275491565465927, 0.5003564894199372, 0.5387161135673523, 0.4330942779779434, 0.7826855599880218, 0.3669077128171921, 0.3927635043859482, 0.3959863126277924, 0.41552923023700716, 0.3810564190149307, 0.4367068290710449, 0.45570625066757203, 0.40452432036399844, 0.4208125412464142, 0.33040329813957214, 0.4607214450836182, 0.4107591539621353, 0.35157801806926725, 0.3348456084728241, 0.41823680996894835, 0.3764100164175034, 0.3786680489778519, 0.390973162651062, 0.36937275230884553, 0.44354020059108734, 0.37971125543117523, 0.43225730359554293, 0.33269048631191256, 0.4010846972465515, 0.38261885941028595, 0.38775175213813784, 0.3344306617975235, 0.4519848257303238, 0.4148584544658661, 0.3735323816537857, 0.3380497395992279, 0.3552012711763382, 0.3599610269069672, 0.3798873245716095, 0.4125765323638916, 0.38684708774089815, 0.37780114114284513, 0.3864068329334259, 0.36369732916355135, 0.5599779963493348], "test acc": [62.800000762939455, 70.90000228881836, 72.9800018310547, 80.15000228881836, 82.35000152587891, 82.45000228881835, 83.13000030517578, 82.4900016784668, 85.28000106811524, 77.67000198364258, 87.84000167846679, 87.4800018310547, 87.45000305175782, 86.81000137329102, 88.39000244140625, 86.42000045776368, 86.82000274658203, 87.26000213623047, 87.21000213623047, 90.17000198364258, 87.29000091552734, 88.38000183105468, 89.68000183105468, 89.95000076293945, 88.34000167846679, 89.30000228881836, 90.08000259399414, 89.30999984741212, 90.41000137329101, 88.7300018310547, 89.83000259399414, 88.58000106811524, 91.02000122070312, 89.72000198364258, 90.06000061035157, 90.37000045776367, 91.33000106811524, 89.16000061035156, 90.02000198364257, 90.70000076293945, 90.81000061035157, 91.11000213623046, 90.7400016784668, 90.95000228881835, 90.34000244140626, 90.5400016784668, 90.81000137329102, 90.66000061035156, 91.2900016784668, 87.64000091552734], "time": ["2021-04-25T10:38:44.414731", "2021-04-25T10:40:18.756103", "2021-04-25T10:41:49.041923", "2021-04-25T10:43:19.127316", "2021-04-25T10:44:49.253541", "2021-04-25T10:46:19.345877", "2021-04-25T10:47:49.415694", "2021-04-25T10:49:20.050941", "2021-04-25T10:50:50.108213", "2021-04-25T10:52:20.017846", "2021-04-25T10:53:49.841894", "2021-04-25T10:55:19.702225", "2021-04-25T10:56:49.641880", "2021-04-25T10:58:19.381119", "2021-04-25T10:59:49.258185", "2021-04-25T11:01:18.525406", "2021-04-25T11:02:48.378778", "2021-04-25T11:04:18.238548", "2021-04-25T11:05:48.068281", "2021-04-25T11:07:17.862293", "2021-04-25T11:08:47.711326", "2021-04-25T11:10:17.610795", "2021-04-25T11:11:47.452337", "2021-04-25T11:13:17.383772", "2021-04-25T11:14:47.223040", "2021-04-25T11:16:17.157974", "2021-04-25T11:17:46.953957", "2021-04-25T11:19:16.832648", "2021-04-25T11:20:46.703941", "2021-04-25T11:22:16.659310", "2021-04-25T11:23:46.616804", "2021-04-25T11:25:16.597462", "2021-04-25T11:26:46.414056", "2021-04-25T11:28:16.465508", "2021-04-25T11:29:46.547050", "2021-04-25T11:31:16.459418", "2021-04-25T11:32:46.349108", "2021-04-25T11:34:16.365276", "2021-04-25T11:35:46.385633", "2021-04-25T11:37:16.334100", "2021-04-25T11:38:46.271885", "2021-04-25T11:40:16.234564", "2021-04-25T11:41:46.117558", "2021-04-25T11:43:16.106134", "2021-04-25T11:44:46.162672", "2021-04-25T11:46:16.127104", "2021-04-25T11:47:46.005794", "2021-04-25T11:49:15.897274", "2021-04-25T11:50:45.939990", "2021-04-25T11:52:15.844213"]}