{"train loss": [1.2502805466835316, 0.7977578212053348, 0.6175112680746959, 0.5139356452685137, 0.44242846018228776, 0.3934770739613435, 0.35104726063899505, 0.31740861118603975, 0.2835888955073479, 0.263083129013196, 0.23623666006785174, 0.21535465646630678, 0.20737430206858196, 0.18128905811179907, 0.1683417887450793, 0.15889016226029548, 0.14409959694513907, 0.13435932970963993, 0.12430994978222328, 0.11455679974303795, 0.10520114144549156, 0.10565280593358553, 0.09212504120018238, 0.08813728466391181, 0.08475543096757088, 0.07986164342803069, 0.07336538315822298, 0.06995041304721664, 0.07770490849581667, 0.06329177921422972, 0.05760685157221861, 0.062064518198036614, 0.05470022245262487, 0.05983038973421431, 0.055584808443195355, 0.049299027867471944, 0.050451843016661516, 0.05327660316147674, 0.04875484591302199, 0.04397203621800798, 0.04360648937738286, 0.04782171780750968, 0.03504409453031631, 0.04346486208781313, 0.04104515274043362, 0.03900812689203005, 0.029363212857741672, 0.042483331724547616, 0.04070687534896514, 0.028123774057707916], "train acc": [54.427083333333336, 71.98717948717949, 78.53766025641026, 82.52003205128206, 84.86778846153847, 86.4082532051282, 87.94871794871794, 89.12059294871794, 90.22435897435898, 90.80929487179488, 91.76883012820512, 92.58213141025641, 92.734375, 93.71594551282051, 94.140625, 94.55328525641026, 94.93589743589743, 95.2704326923077, 95.5849358974359, 95.96955128205128, 96.32411858974359, 96.31610576923077, 96.7988782051282, 96.86097756410257, 97.11538461538461, 97.16346153846153, 97.4599358974359, 97.55809294871794, 97.20552884615384, 97.79847756410257, 97.97475961538461, 97.90464743589743, 98.07291666666667, 97.8545673076923, 98.03485576923077, 98.3173076923077, 98.21714743589743, 98.1270032051282, 98.37139423076923, 98.49158653846153, 98.44150641025641, 98.34334935897436, 98.77604166666667, 98.49358974358974, 98.65985576923077, 98.59775641025641, 98.99238782051282, 98.58173076923077, 98.56971153846153, 99.0625], "test loss": [1.5310412287712096, 0.7989165782928467, 0.9777260005474091, 0.4582260549068451, 0.634616369009018, 0.46943351030349734, 0.5981147348880768, 0.3719820261001587, 0.47661069929599764, 0.32843277156352996, 0.4580969214439392, 0.33396522998809813, 0.47058558464050293, 0.32364686131477355, 0.38305809497833254, 0.31135752201080324, 0.37383219599723816, 0.35456560254096986, 0.39715916514396665, 0.28343822062015533, 0.7173255205154419, 0.3135242462158203, 0.6477356195449829, 0.29559182524681094, 0.3992038756608963, 0.3000889912247658, 0.5363376796245575, 0.3132540374994278, 0.4267651468515396, 0.31080969870090486, 0.4846154510974884, 0.29894826710224154, 0.43159599900245665, 0.3404079079627991, 0.39446313083171847, 0.34092493951320646, 0.43003958761692046, 0.3222974896430969, 0.9815180480480195, 0.29143712669610977, 0.4580018222332001, 0.3433129847049713, 0.4084793895483017, 0.32460539042949677, 0.4428077131509781, 0.31157195568084717, 0.5528709471225739, 0.33874501585960387, 0.380527064204216, 0.38970904648303983], "test acc": [50.34000015258789, 72.49000091552735, 67.60000228881836, 84.2000015258789, 77.85000228881836, 84.26000213623047, 81.27000198364257, 87.57000045776367, 84.2000015258789, 88.7400016784668, 84.56000061035157, 89.13000183105468, 85.7900016784668, 89.87000274658203, 87.43000106811523, 89.88000183105468, 87.8900016784668, 89.09000244140626, 88.4900016784668, 91.1500015258789, 81.80000152587891, 90.87000045776367, 83.61000137329101, 91.30000228881836, 88.74000244140625, 91.6500015258789, 87.07000122070312, 91.2900016784668, 88.6400016784668, 91.35000305175781, 87.59000091552734, 91.81000213623047, 88.53000259399414, 91.50000228881837, 89.8900016784668, 91.45000076293945, 89.46000213623047, 91.66000061035156, 79.31000213623047, 92.46000289916992, 89.43000183105468, 91.46000213623047, 90.20000076293945, 91.77000045776367, 89.78000106811524, 91.96000061035156, 87.81000061035157, 91.83000183105469, 90.86000061035156, 91.18000183105468], "time": ["2021-04-25T11:53:58.085603", "2021-04-25T11:55:32.551875", "2021-04-25T11:57:02.927712", "2021-04-25T11:58:33.114585", "2021-04-25T12:00:03.239830", "2021-04-25T12:01:32.617488", "2021-04-25T12:03:02.696422", "2021-04-25T12:04:32.776699", "2021-04-25T12:06:02.933127", "2021-04-25T12:07:33.082521", "2021-04-25T12:09:03.202775", "2021-04-25T12:10:33.821511", "2021-04-25T12:12:03.902227", "2021-04-25T12:13:34.081947", "2021-04-25T12:15:04.293351", "2021-04-25T12:16:34.505013", "2021-04-25T12:18:04.697006", "2021-04-25T12:19:34.910347", "2021-04-25T12:21:05.120888", "2021-04-25T12:22:35.330134", "2021-04-25T12:24:05.625521", "2021-04-25T12:25:35.962158", "2021-04-25T12:27:06.411787", "2021-04-25T12:28:36.871505", "2021-04-25T12:30:07.166140", "2021-04-25T12:31:37.713463", "2021-04-25T12:33:08.000594", "2021-04-25T12:34:38.325475", "2021-04-25T12:36:08.804585", "2021-04-25T12:37:39.244542", "2021-04-25T12:39:09.607442", "2021-04-25T12:40:39.766753", "2021-04-25T12:42:10.099888", "2021-04-25T12:43:40.471885", "2021-04-25T12:45:10.741134", "2021-04-25T12:46:41.038186", "2021-04-25T12:48:11.354851", "2021-04-25T12:49:41.616057", "2021-04-25T12:51:11.873464", "2021-04-25T12:52:42.050483", "2021-04-25T12:54:12.313767", "2021-04-25T12:55:42.568564", "2021-04-25T12:57:12.790843", "2021-04-25T12:58:43.206414", "2021-04-25T13:00:13.446691", "2021-04-25T13:01:43.056407", "2021-04-25T13:03:13.313036", "2021-04-25T13:04:43.568846", "2021-04-25T13:06:13.893042", "2021-04-25T13:07:44.802584"]}