{"train loss": [1.1190955808701228, 0.510779391826214, 0.4546435422239726, 0.4333517767581983, 0.41915950967288584, 0.41299705457673846, 0.40376464633543835, 0.3991411620926505, 0.3942283381804164, 0.3899464814434257, 0.38620840689583885, 0.3835821627691033, 0.3806963856929277, 0.37595318462467087, 0.3724894932260849, 0.369830556983439, 0.3684664802809714, 0.36616406071334906, 0.365237336559274, 0.36135210959445874, 0.3584213636553382, 0.35780523186306407, 0.35696704924174255, 0.3543657699724602, 0.35267975383462485, 0.3514504269120642, 0.35089843362468326, 0.3477080186636575, 0.34649854463765084, 0.34670679531695486, 0.344792884862247, 0.34310862237627743, 0.34443255342230217, 0.34284689696029963, 0.3397525473329726, 0.3391786284668627, 0.34162452213136346, 0.3373311135440084, 0.3374665915357133, 0.33708189365271135, 0.3341963757484914, 0.3362812506591015, 0.33400794593078187, 0.333134978248502, 0.3334033372352126, 0.33070682300409043, 0.3300060815897756, 0.3308789450146689, 0.33005285088848174, 0.3295989609603579], "train acc": [65.24989358683314, 81.96828887627696, 83.60793842224744, 84.3519438138479, 84.81750141884223, 84.99042281498298, 85.30522843359819, 85.54111095346198, 85.57392167990919, 85.92242480136208, 86.0093288876277, 86.07938422247446, 85.97651816118048, 86.29575766174801, 86.42256668558456, 86.46956583427922, 86.46158484676504, 86.53607406356413, 86.62918558456299, 86.78614500567537, 86.87127553916005, 86.89344494892168, 86.82871027241771, 87.03444239500567, 87.0592721339387, 87.01315976163451, 87.04774404086265, 87.08764897843359, 87.2641174801362, 87.29958853575482, 87.17810017026106, 87.3386066969353, 87.40600170261067, 87.4512272985244, 87.46452894438139, 87.55409335981838, 87.46630249716232, 87.56828178206584, 87.48137769580023, 87.59843217934166, 87.63479001135073, 87.6179412599319, 87.57271566401816, 87.65075198637912, 87.78731555051078, 87.73499574347332, 87.89904937570942, 87.75627837684449, 87.8405221339387, 87.8023907491487], "test loss": [0.756896881981099, 0.5746980708964328, 0.4927176620731962, 0.486875167235415, 0.45768598546373085, 0.47339236197319434, 0.488773653164823, 0.41692217201628584, 0.4116655017467255, 0.4926751376466548, 0.4358385614258178, 0.42425713767396644, 0.4407342333108821, 0.5106925514150173, 0.40800603938863633, 0.4365833690191837, 0.4285637229046923, 0.43991425506612086, 0.3874134510121447, 0.40900113829906953, 0.4269837610265042, 0.42189751628865585, 0.4206241014155936, 0.4291139971068565, 0.4341459575485676, 0.4106263860743097, 0.3711162336329196, 0.4328984225049932, 0.4020508610187693, 0.42864508831754644, 0.39383023755347474, 0.4854072814292096, 0.41372858590268075, 0.41366395956658303, 0.40229704310285286, 0.4065647223528395, 0.40655172917437044, 0.4015821675036816, 0.37564627984736826, 0.3649565707495872, 0.42737821124969644, 0.4043741302287325, 0.4673010266207634, 0.40585836451104346, 0.3802368812104489, 0.3961668052571885, 0.3762101610290243, 0.3727882073280659, 0.4144941191089914, 0.3809782713651657], "test acc": [74.14361913153466, 79.8563846831626, 82.87234212997112, 83.03191619223736, 83.89893754999689, 82.78191627340114, 83.09574557365255, 85.48936259492915, 85.15425734824322, 82.64361888804335, 84.75532060988407, 84.80851169342691, 84.51064048929418, 82.82978828917159, 85.36702273754364, 84.50000105512903, 85.10638346570603, 84.72340514812063, 85.9840450692684, 85.65425621195043, 84.96808689198595, 85.43617118673122, 84.82978804568027, 85.09574581714386, 84.87766022377826, 85.74468271783057, 87.04787339555456, 85.12234286044506, 85.7553210968667, 84.43617021276596, 86.32446922139918, 83.02127805669257, 85.75000154211166, 85.52659712446497, 85.55851177459067, 85.72340539161195, 85.54787331439078, 85.58510833090924, 86.8297891008093, 87.1755322395487, 85.31915080293696, 85.66489572727934, 83.79255432778217, 85.52127732621862, 86.37234204880734, 86.20212863353973, 86.77127781320125, 86.72340531044819, 85.47340620324967, 86.11170366977123], "time": ["2021-04-09T19:59:00.982555", "2021-04-09T20:02:05.114506", "2021-04-09T20:05:09.399105", "2021-04-09T20:08:13.600124", "2021-04-09T20:11:18.009407", "2021-04-09T20:14:22.349417", "2021-04-09T20:17:26.867178", "2021-04-09T20:20:31.251125", "2021-04-09T20:23:35.628831", "2021-04-09T20:26:40.330710", "2021-04-09T20:29:44.865520", "2021-04-09T20:32:49.397584", "2021-04-09T20:35:54.263706", "2021-04-09T20:38:58.922209", "2021-04-09T20:42:03.114715", "2021-04-09T20:45:07.948501", "2021-04-09T20:48:12.676000", "2021-04-09T20:51:17.010763", "2021-04-09T20:54:21.846393", "2021-04-09T20:57:26.486062", "2021-04-09T21:00:30.636333", "2021-04-09T21:03:35.153320", "2021-04-09T21:06:40.253659", "2021-04-09T21:09:44.769226", "2021-04-09T21:12:49.728051", "2021-04-09T21:15:54.168414", "2021-04-09T21:18:58.769560", "2021-04-09T21:22:03.430137", "2021-04-09T21:25:07.730394", "2021-04-09T21:28:12.082231", "2021-04-09T21:31:16.501049", "2021-04-09T21:34:20.982752", "2021-04-09T21:37:25.601357", "2021-04-09T21:40:29.789628", "2021-04-09T21:43:33.762834", "2021-04-09T21:46:38.162706", "2021-04-09T21:49:42.277859", "2021-04-09T21:52:46.402122", "2021-04-09T21:55:50.769534", "2021-04-09T21:58:55.098229", "2021-04-09T22:01:59.381456", "2021-04-09T22:05:03.527554", "2021-04-09T22:08:08.519748", "2021-04-09T22:11:12.927512", "2021-04-09T22:14:18.253150", "2021-04-09T22:17:25.060882", "2021-04-09T22:20:29.498123", "2021-04-09T22:23:33.750742", "2021-04-09T22:26:37.971013", "2021-04-09T22:29:42.361291"]}