{"train loss": [1.1174133710909917, 0.5686499396937389, 0.496635927752117, 0.4612105672124025, 0.4366723225620088, 0.4195450190856427, 0.40267619734183885, 0.39325597388384426, 0.38065254991022063, 0.371673321395808, 0.3599969063897138, 0.3579153794199059, 0.34984042739895227, 0.34306602347451903, 0.3356100728779727, 0.3322609960356311, 0.32532322061724883, 0.3211062499802987, 0.3178282721426917, 0.3143996991952892, 0.3085073109348299, 0.3063213995548978, 0.30269122204905063, 0.29952752657835113, 0.29546914228516186, 0.29290158497793317, 0.2904520111748363, 0.2868208343862946, 0.2845513205066171, 0.28340288193285396, 0.2794781872467746, 0.2785802801455732, 0.2762909005739632, 0.27156329557519493, 0.2689515512423943, 0.2689979427772131, 0.2661785185844484, 0.2633389278011614, 0.260727568615173, 0.26109129796808883, 0.25526325090890845, 0.2573668055329366, 0.25338785521998985, 0.2520971032669271, 0.2517553312993618, 0.24678414640578183, 0.24594621732408153, 0.24469516868623784, 0.24414100442990813, 0.24159894022714265], "train acc": [64.68058314415437, 80.13177497162316, 82.3717721339387, 83.62744750283768, 84.29519012485811, 84.78380391600454, 85.28039869466515, 85.63688280363223, 86.01110244040862, 86.39773694665153, 86.6061293984109, 86.80388053348467, 87.04242338251986, 87.20647701475596, 87.61882803632236, 87.58335698070374, 87.85737088535755, 87.89018161180476, 88.17306328036322, 88.26528802497162, 88.30962684449489, 88.50737797956867, 88.55969778660612, 88.73616628830874, 88.83282491486946, 88.9011066969353, 89.08023552780931, 89.05274545970488, 89.18132803632236, 89.26645856980704, 89.23719494892168, 89.3107973893303, 89.46420970488082, 89.55022701475596, 89.6078674801362, 89.72492196367764, 89.73290295119183, 89.85173098751419, 89.88454171396141, 89.98297389330307, 90.15500851305335, 90.05746311010216, 90.1434804199773, 90.15234818388195, 90.20732832009081, 90.3917778093076, 90.45207860385925, 90.44675794551645, 90.47336123723042, 90.5123793984109], "test loss": [0.6646598222407889, 0.5264398357335557, 0.5469596040375689, 0.4738098059562927, 0.5099530518054962, 0.4672964944484386, 0.4885924182673718, 0.4076667348755167, 0.4425564741200589, 0.428504615705064, 0.46460881924375574, 0.4184339423762991, 0.39180004216255027, 0.4266798046041042, 0.381886085614245, 0.41815003721003835, 0.41984069474199986, 0.3768818933278956, 0.37188960865457005, 0.3314818800129789, 0.3371394431971489, 0.35383791460635816, 0.3500321906931857, 0.3341422788006194, 0.3630874556429843, 0.3447932245883536, 0.34129953035648836, 0.35344471481252226, 0.3524363728913855, 0.3726761391822328, 0.3580547051226839, 0.3747980191986612, 0.35897515619054754, 0.36594751445536916, 0.3427685968419339, 0.37562179755657277, 0.37796281943929955, 0.3762451324691164, 0.39612138683491566, 0.32098681051680383, 0.326934000596087, 0.31741989673452176, 0.34694348878048836, 0.3509784654733982, 0.33501643703338946, 0.32502645380953527, 0.3285838327509292, 0.3609803553591383, 0.3440090928305971, 0.34305671935385845], "test acc": [77.62234172415226, 81.80851201808198, 81.45212944517745, 83.77659712446497, 82.54787331439078, 83.60638435850753, 83.43617175487762, 85.56383197865587, 84.4414911473051, 84.62234115600586, 84.0212785436752, 85.3031926256545, 86.29787404486474, 85.33510833090924, 86.3085111252805, 85.24468182502909, 85.3457468722729, 86.54255489592856, 86.75000113629281, 88.08510719461644, 87.93617232302402, 87.28723582815617, 87.27127830018388, 88.1010648037525, 87.03191602990982, 87.79255432778217, 87.83510719461644, 87.49468304248566, 87.57978845149913, 86.8936187257158, 87.32978772102518, 86.63298010318837, 87.76595866426509, 86.95212887703104, 88.01064048929418, 87.17553288885888, 86.56915031595433, 86.90957584786922, 86.63829933328832, 88.74468352946829, 88.64361856338826, 88.90425661776928, 87.90957625368809, 87.56383124818193, 88.26063967765646, 88.77127821902012, 88.71276741839469, 87.39361921269843, 88.27127805669257, 88.00532085337538], "time": ["2021-04-11T23:33:54.482556", "2021-04-11T23:36:11.620258", "2021-04-11T23:38:28.683211", "2021-04-11T23:40:45.600008", "2021-04-11T23:43:02.849906", "2021-04-11T23:45:20.133498", "2021-04-11T23:47:37.563629", "2021-04-11T23:49:54.991850", "2021-04-11T23:52:12.161162", "2021-04-11T23:54:29.221186", "2021-04-11T23:56:46.064015", "2021-04-11T23:59:03.164937", "2021-04-12T00:01:20.197017", "2021-04-12T00:03:37.252520", "2021-04-12T00:05:54.310726", "2021-04-12T00:08:11.542509", "2021-04-12T00:10:28.720839", "2021-04-12T00:12:45.731616", "2021-04-12T00:15:02.628449", "2021-04-12T00:17:19.912214", "2021-04-12T00:19:36.940871", "2021-04-12T00:21:53.954868", "2021-04-12T00:24:10.952808", "2021-04-12T00:26:28.063988", "2021-04-12T00:28:45.666171", "2021-04-12T00:31:03.926420", "2021-04-12T00:33:22.119246", "2021-04-12T00:35:40.412846", "2021-04-12T00:37:58.752776", "2021-04-12T00:40:16.907637", "2021-04-12T00:42:35.181762", "2021-04-12T00:44:53.392060", "2021-04-12T00:47:11.536262", "2021-04-12T00:49:29.967848", "2021-04-12T00:51:48.197939", "2021-04-12T00:54:06.386434", "2021-04-12T00:56:24.686245", "2021-04-12T00:58:42.947746", "2021-04-12T01:01:01.066710", "2021-04-12T01:03:19.353596", "2021-04-12T01:05:37.533647", "2021-04-12T01:07:55.744630", "2021-04-12T01:10:13.978620", "2021-04-12T01:12:32.046087", "2021-04-12T01:14:49.145413", "2021-04-12T01:17:06.413200", "2021-04-12T01:19:23.714200", "2021-04-12T01:21:42.342336", "2021-04-12T01:24:01.412354", "2021-04-12T01:26:20.249709"]}