{"train loss": [3.45076101620992, 3.3016911757298004, 2.3511256022331044, 2.3426365736203314, 2.346190895178379, 2.3481637276135956, 2.3504739596293525, 2.3540816441560404, 2.3475693684357863, 2.3506809790929157, 2.3498184222441454, 2.3470356843410394, 2.348231368798476, 2.3519853157874864, 2.3449490748918973, 2.358876045544942, 2.3585466085336146, 2.3443762516364073, 2.347394363085429, 2.349134600468171, 2.345904625990452, 2.3518443492742684, 2.3458190887402264, 2.3506801776396924, 2.3546824388014964, 2.349372614347018, 2.3524931302437415, 2.353998911686433, 2.3551560090138364, 2.352532026706598, 2.3482965010863084, 2.3481391894511687, 2.3523089023736805, 2.3528920247004583, 2.3492737916799693, 2.347654980268234, 2.349236594713651, 2.350163237253825, 2.345924360324175, 2.3458548992108077, 2.3466939932260757, 2.3545613007667736, 2.349014054200588, 2.3487739770840377, 2.351879523350642, 2.349733679722517, 2.3533718946652535, 2.3487386617905055, 2.3490316091439665, 2.3457373233941885], "train acc": [9.857772435897436, 9.887820512820513, 10.29647435897436, 10.06209935897436, 9.989983974358974, 10.07411858974359, 9.959935897435898, 9.90985576923077, 9.735576923076923, 9.90985576923077, 9.929887820512821, 10.008012820512821, 10.014022435897436, 9.755608974358974, 9.78165064102564, 9.6875, 10.010016025641026, 9.83173076923077, 10.22235576923077, 9.985977564102564, 9.939903846153847, 9.891826923076923, 10.084134615384615, 9.913862179487179, 9.913862179487179, 9.85576923076923, 10.210336538461538, 10.008012820512821, 9.953926282051283, 9.99599358974359, 9.725560897435898, 9.90985576923077, 9.931891025641026, 9.965945512820513, 10.098157051282051, 10.058092948717949, 10.14022435897436, 10.050080128205128, 10.048076923076923, 10.002003205128204, 10.138221153846153, 10.076121794871796, 9.849759615384615, 10.278445512820513, 9.787660256410257, 9.91786858974359, 9.961939102564102, 10.068108974358974, 10.25040064102564, 9.869791666666666], "test loss": [2.325995135307312, 2.362754726409912, 2.383553385734558, 2.3634342432022093, 2.3485010862350464, 2.3426281690597532, 2.359572911262512, 2.363240623474121, 2.3673002243041994, 2.3478887557983397, 2.345036506652832, 2.318727421760559, 2.377202296257019, 2.3610754013061523, 2.389251732826233, 2.3371068716049193, 2.321011471748352, 2.3439316272735597, 2.356913113594055, 2.3294578790664673, 2.339032745361328, 2.368986463546753, 2.3391496658325197, 2.3185112953186033, 2.3673688888549806, 2.317320680618286, 2.3883329153060915, 2.33604154586792, 2.347962427139282, 2.3118659019470216, 2.3437113761901855, 2.374305009841919, 2.3468008756637575, 2.3216494798660277, 2.34887580871582, 2.343700408935547, 2.359009599685669, 2.3543885231018065, 2.332131004333496, 2.3596681356430054, 2.3612309455871583, 2.32790150642395, 2.3545056581497192, 2.342098593711853, 2.360260248184204, 2.3604930639266968, 2.328518438339233, 2.355343389511108, 2.344045042991638, 2.3149434328079224], "test acc": [10.000000190734863, 10.000000190734863, 10.000000190734863, 10.000000190734863, 10.000000190734863, 10.000000095367431, 10.000000095367431, 10.000000190734863, 10.000000190734863, 10.000000238418579, 10.000000238418579, 10.000000190734863, 10.000000190734863, 10.000000190734863, 10.000000190734863, 10.000000190734863, 10.000000095367431, 10.000000190734863, 10.000000190734863, 10.000000238418579, 10.000000190734863, 10.000000190734863, 10.000000190734863, 10.000000095367431, 10.000000190734863, 10.000000190734863, 10.000000190734863, 10.000000095367431, 10.000000190734863, 10.000000190734863, 10.000000095367431, 10.000000190734863, 10.000000238418579, 10.000000190734863, 10.000000286102296, 10.000000190734863, 10.000000095367431, 10.000000190734863, 10.000000190734863, 10.000000238418579, 10.000000190734863, 10.000000286102296, 10.000000190734863, 10.000000190734863, 10.000000190734863, 10.000000190734863, 10.000000095367431, 10.000000190734863, 10.000000095367431, 10.000000238418579], "time": ["2021-04-10T09:44:55.267469", "2021-04-10T09:45:58.547665", "2021-04-10T09:47:01.928273", "2021-04-10T09:48:05.340041", "2021-04-10T09:49:08.700102", "2021-04-10T09:50:12.053227", "2021-04-10T09:51:15.495329", "2021-04-10T09:52:18.842953", "2021-04-10T09:53:21.577349", "2021-04-10T09:54:24.109649", "2021-04-10T09:55:27.380414", "2021-04-10T09:56:30.565834", "2021-04-10T09:57:34.066304", "2021-04-10T09:58:37.637200", "2021-04-10T09:59:40.899784", "2021-04-10T10:00:44.022280", "2021-04-10T10:01:47.685341", "2021-04-10T10:02:51.084374", "2021-04-10T10:03:54.600394", "2021-04-10T10:04:58.243566", "2021-04-10T10:06:01.688690", "2021-04-10T10:07:05.240875", "2021-04-10T10:08:08.828565", "2021-04-10T10:09:12.390514", "2021-04-10T10:10:15.931579", "2021-04-10T10:11:19.119196", "2021-04-10T10:12:22.222636", "2021-04-10T10:13:25.688692", "2021-04-10T10:14:29.153228", "2021-04-10T10:15:32.539981", "2021-04-10T10:16:36.017925", "2021-04-10T10:17:39.694084", "2021-04-10T10:18:43.281971", "2021-04-10T10:19:46.683640", "2021-04-10T10:20:50.167409", "2021-04-10T10:21:53.649715", "2021-04-10T10:22:57.156401", "2021-04-10T10:24:00.706685", "2021-04-10T10:25:04.254691", "2021-04-10T10:26:07.738442", "2021-04-10T10:27:11.046168", "2021-04-10T10:28:14.556326", "2021-04-10T10:29:18.064668", "2021-04-10T10:30:21.472981", "2021-04-10T10:31:25.070734", "2021-04-10T10:32:28.558060", "2021-04-10T10:33:31.962914", "2021-04-10T10:34:35.496800", "2021-04-10T10:35:38.992424", "2021-04-10T10:36:42.214379"]}