{"train loss": [3.4661334356574276, 1.490376050978324, 0.7933995994347043, 0.6799528760482451, 0.637635941098145, 0.6150046098516423, 0.6011106172633631, 0.5931119042005766, 0.5863573197000549, 0.5809355375106435, 0.5750665874236288, 0.5721567657085878, 0.5686813441023789, 0.5647272960146493, 0.5627009413637449, 0.5622194348142041, 0.5618444331049514, 0.5631066664596692, 0.5583382001935285, 0.5577908663351879, 0.5570408059506086, 0.5547559201446755, 0.5554774038908025, 0.5546894399924933, 0.5549100113104475, 0.553154818113221, 0.5539822682619907, 0.5558945372210188, 0.5536648589825928, 0.555059801064068, 0.5567755398766543, 0.5517593834984722, 0.5546423067908552, 0.5499732183645586, 0.550031413031355, 0.5523081822373674, 0.5519064127823822, 0.5533681387054257, 0.5514154116560733, 0.5517212226902315, 0.5482442231170165, 0.550391315060766, 0.5496505267503718, 0.5515095933544514, 0.5515159335194597, 0.5490833227432816, 0.55082846878606, 0.5497546389140823, 0.551386045408303, 0.5519196676612577], "train acc": [7.599673666288309, 51.75315692395006, 73.3018232122588, 76.83030646992054, 78.13209421112373, 78.82821367763904, 79.43654228149829, 79.67419835414302, 79.8719494892168, 79.93491061293985, 80.03156923950057, 80.27454597048808, 80.3995814415437, 80.44480703745744, 80.44125993189557, 80.62038876276958, 80.68689699205449, 80.3818459137344, 80.75695232690124, 80.76315976163451, 80.8731200340522, 80.79331015891033, 80.87045970488082, 80.71527383654937, 80.79064982973894, 80.78089528944382, 80.87578036322361, 80.73744324631102, 80.89706299659478, 80.84651674233825, 80.69753830874006, 80.87666713961407, 80.76404653802497, 80.97421254256527, 80.87489358683314, 80.76936719636777, 80.840309307605, 80.79242338251986, 80.85006384790012, 80.85095062429058, 81.00524971623156, 80.96889188422247, 80.89617622020431, 80.89440266742338, 80.95647701475596, 80.89440266742338, 80.90061010215663, 81.0017026106697, 80.93342082860386, 80.99017451759364], "test loss": [2.5962383950010257, 1.4108750198749787, 1.0191611818810726, 0.7667569264452508, 0.7248407494514546, 0.8109431019488801, 0.6438143437213086, 0.8616910253433471, 1.3526272532787729, 0.7138591275570241, 0.7002003097787817, 0.67881836916538, 0.83656626115454, 0.8467589585070915, 1.2638115908237213, 0.8132358751398452, 0.9548730101991207, 0.7825738781310142, 1.0317315446569564, 0.5296421960947362, 0.5226773308946732, 0.6225145744516495, 0.7864827317126254, 0.7721744965999684, 0.8332991967809961, 0.7786992262018487, 0.7199155390262604, 0.6550406496575538, 0.751258763227057, 1.0353835833833573, 0.9473611832933223, 0.7642436712346179, 0.7951664499779965, 1.0396373430465131, 0.8122725004845477, 0.6589980176154603, 0.8708997527335552, 1.0179843509450872, 1.518196406516623, 0.4926440100720588, 0.47512622304419255, 0.6124746545832208, 0.6477626162640592, 0.6893950757828164, 0.7065303896335845, 0.6742956841245611, 0.776848760057003, 0.7840366661548615, 0.9116305531339443, 0.6663596744232989], "test acc": [19.191490011012302, 56.271277245054854, 66.40957568554168, 74.31383100469061, 76.89893828047083, 72.19680989042241, 78.25532052872029, 71.94681013391373, 57.622340750187, 76.78191594874605, 76.77659655631857, 77.61170334511615, 72.75532036639274, 72.37234148066095, 63.02659667806422, 74.29255440894593, 69.02659736795628, 74.52127805669257, 68.66489499680539, 81.93617248535156, 81.83510776276285, 78.45744883760493, 74.23404401413937, 75.15425669893305, 72.02659744912006, 74.49468190619287, 76.83510792509038, 79.41489597077066, 76.12234172415226, 66.71276766188602, 70.56383214098342, 74.64361815756939, 73.61170310162484, 68.20212968866876, 74.25532044755651, 79.94149090381379, 71.25000162327544, 67.45212887703104, 54.34042654646204, 83.31915023479056, 83.43617232302402, 79.81915080293696, 78.15957552321414, 77.81383189749211, 76.46808681082219, 77.11702273754364, 74.68085276826899, 75.30851185575445, 71.15425694242437, 76.92553402515168], "time": ["2021-04-11T14:12:35.178718", "2021-04-11T14:14:37.314143", "2021-04-11T14:16:39.526467", "2021-04-11T14:18:41.550510", "2021-04-11T14:20:43.746686", "2021-04-11T14:22:45.891037", "2021-04-11T14:24:48.111221", "2021-04-11T14:26:50.494674", "2021-04-11T14:28:52.747828", "2021-04-11T14:30:54.934554", "2021-04-11T14:32:57.266504", "2021-04-11T14:34:59.679038", "2021-04-11T14:37:01.956506", "2021-04-11T14:39:04.082444", "2021-04-11T14:41:06.294994", "2021-04-11T14:43:08.443264", "2021-04-11T14:45:10.731471", "2021-04-11T14:47:12.915263", "2021-04-11T14:49:15.175617", "2021-04-11T14:51:17.431297", "2021-04-11T14:53:19.672991", "2021-04-11T14:55:21.930325", "2021-04-11T14:57:24.141960", "2021-04-11T14:59:26.445915", "2021-04-11T15:01:28.642988", "2021-04-11T15:03:30.918892", "2021-04-11T15:05:33.082793", "2021-04-11T15:07:35.281156", "2021-04-11T15:09:37.458773", "2021-04-11T15:11:39.682740", "2021-04-11T15:13:42.044953", "2021-04-11T15:15:44.179259", "2021-04-11T15:17:46.566800", "2021-04-11T15:19:48.879170", "2021-04-11T15:21:51.172188", "2021-04-11T15:23:53.308230", "2021-04-11T15:25:55.542838", "2021-04-11T15:27:57.791211", "2021-04-11T15:30:00.150161", "2021-04-11T15:32:02.483340", "2021-04-11T15:34:04.759406", "2021-04-11T15:36:06.999207", "2021-04-11T15:38:09.170396", "2021-04-11T15:40:11.394891", "2021-04-11T15:42:13.615199", "2021-04-11T15:44:15.835107", "2021-04-11T15:46:18.074715", "2021-04-11T15:48:20.203448", "2021-04-11T15:50:22.446998", "2021-04-11T15:52:24.706497"]}