{"train loss": [0.7344613027897379, 0.46248286923607146, 0.4197660516461233, 0.3906323831448084, 0.3768625502452407, 0.35729918458946175, 0.3452322885275699, 0.33352485302493196, 0.32290390066202057, 0.31202059048867525, 0.3060853256675902, 0.29591668303315943, 0.2876251549983268, 0.2812347031292526, 0.2762962006007096, 0.267578164299487, 0.2607232274214878, 0.2543347861605118, 0.2500226266690605, 0.24315880886812893, 0.23893022592201676, 0.23151044945880583, 0.22629574516303963, 0.21882682052630165, 0.21353370390164325, 0.20929314418527786, 0.2050404720067572, 0.19905600625763686, 0.19305011531957567, 0.18923846318489035, 0.18462226320815006, 0.1797976320129518, 0.17339390013092087, 0.1681042998927676, 0.1644306972106997, 0.15977710820353938, 0.1559661079312291, 0.15272319866566328, 0.14539570261160847, 0.14373307804514682, 0.138358051441483, 0.13599976123850813, 0.1307833252028561, 0.1277394672637968, 0.11944753211308758, 0.1201200669570049, 0.11802146984443965, 0.11097903515631914, 0.11014855831700814, 0.10752656878258665], "train acc": [76.1093572644722, 83.59729710556186, 84.81750141884223, 85.86478433598184, 86.2372304199773, 86.87570942111238, 87.19849602724177, 87.68888337116913, 88.07551787741203, 88.34155079455165, 88.52777383654937, 88.85499432463111, 89.17246027241771, 89.32587258796822, 89.46066259931895, 89.79054341657208, 89.99450198637912, 90.1895927922815, 90.37581583427922, 90.57268019296254, 90.66933881952328, 90.92827752553916, 91.11006668558456, 91.35215664018162, 91.5729639614075, 91.6855845629966, 91.7724886492622, 92.01901248581157, 92.1617834846765, 92.33027099886493, 92.507626276958, 92.6920757661748, 92.90844920544835, 93.11861520998865, 93.25251844494892, 93.40327043132804, 93.57796538024972, 93.76950908059024, 93.98942962542566, 94.07544693530079, 94.3468005107832, 94.4390252553916, 94.6979639614075, 94.7130391600454, 95.13691827468786, 95.04469353007946, 95.17504965947786, 95.41979994324632, 95.50138337116913, 95.65213535754825], "test loss": [0.5522775697581311, 0.46415973597384513, 0.4394597528462714, 0.40455716245986045, 0.4384418618171773, 0.44868096867774393, 0.37282960592432224, 0.37728935670345387, 0.40326718542170015, 0.3674110339042988, 0.3619473202431456, 0.37709913133306705, 0.35735505914434473, 0.3882475330474529, 0.3498192978032092, 0.37880375569171093, 0.33696043681591115, 0.3422718900949397, 0.35874883608615143, 0.3127114303568576, 0.3218784604934936, 0.3276343802188305, 0.34670941119498394, 0.3462376702339091, 0.3569548852900241, 0.3539259690553584, 0.34536764089097366, 0.4058838515205586, 0.35072497896691585, 0.37441982487414743, 0.39036761414497456, 0.38739261443310596, 0.39696405479248537, 0.4060848932316963, 0.41937659522320364, 0.43202924728393555, 0.434819480840196, 0.431205042499177, 0.45363399386405945, 0.39303362337832753, 0.41229222841719365, 0.4119639371303802, 0.4327991972578333, 0.42176058729912375, 0.479022723246128, 0.4648061638816874, 0.4507044598143152, 0.49111978329242545, 0.5122466927513163, 0.5209836294042304], "test acc": [81.07446922139918, 83.39361945618974, 84.15425604962289, 85.67553361933282, 84.77659769261138, 83.92553353816905, 86.61702241288855, 86.72340539161195, 85.90957641601562, 87.1276603861058, 87.26063910951005, 86.5531926256545, 87.26595963823034, 86.0265976114476, 87.76595842077377, 86.55319197634434, 88.15957657834316, 87.81915023479056, 87.33510784392661, 88.94149106614132, 88.84574646645405, 88.76595898892018, 88.2180864861671, 88.25532101570292, 88.26063959649268, 88.14361896920711, 88.45744786363967, 86.91489556495179, 88.30319278798204, 88.19681053973258, 87.73936308191178, 87.67021471388797, 87.49468263666681, 87.26595825844623, 87.00532044755651, 86.81383149167324, 86.9787248652032, 86.89361856338826, 86.67021365875894, 88.08510784392661, 88.06914991013547, 88.44149041683116, 88.2819161110736, 87.9680870543135, 87.82446995187313, 87.56915031595433, 87.68085252477768, 87.20744810713099, 86.98404360832052, 86.56383043654422], "time": ["2021-04-25T07:53:22.052525", "2021-04-25T07:56:49.102200", "2021-04-25T08:00:08.503793", "2021-04-25T08:03:26.474628", "2021-04-25T08:06:45.078082", "2021-04-25T08:10:03.696114", "2021-04-25T08:13:21.637706", "2021-04-25T08:16:41.389421", "2021-04-25T08:20:01.320965", "2021-04-25T08:23:21.772600", "2021-04-25T08:26:42.100223", "2021-04-25T08:30:02.621983", "2021-04-25T08:33:23.050779", "2021-04-25T08:36:43.494287", "2021-04-25T08:40:04.063255", "2021-04-25T08:43:24.390238", "2021-04-25T08:46:44.828551", "2021-04-25T08:50:05.130830", "2021-04-25T08:53:25.446888", "2021-04-25T08:56:45.735440", "2021-04-25T09:00:05.905463", "2021-04-25T09:03:25.341643", "2021-04-25T09:06:45.885296", "2021-04-25T09:10:06.260023", "2021-04-25T09:13:26.673850", "2021-04-25T09:16:47.015583", "2021-04-25T09:20:07.695028", "2021-04-25T09:23:27.929018", "2021-04-25T09:26:48.433603", "2021-04-25T09:30:08.989991", "2021-04-25T09:33:29.359992", "2021-04-25T09:36:49.706011", "2021-04-25T09:40:10.103082", "2021-04-25T09:43:30.497154", "2021-04-25T09:46:50.757263", "2021-04-25T09:50:11.159812", "2021-04-25T09:53:31.613162", "2021-04-25T09:56:52.279469", "2021-04-25T10:00:12.451910", "2021-04-25T10:03:32.062326", "2021-04-25T10:06:52.545469", "2021-04-25T10:10:13.180344", "2021-04-25T10:13:33.554573", "2021-04-25T10:16:53.879454", "2021-04-25T10:20:14.244276", "2021-04-25T10:23:34.611332", "2021-04-25T10:26:55.077462", "2021-04-25T10:30:15.622388", "2021-04-25T10:33:36.113908", "2021-04-25T10:36:56.438322"]}