{"train loss": [2.404133103444026, 2.3042271638527896, 2.261577440530826, 1.8486423935645666, 1.4176177639227647, 1.0827655407098624, 0.9002699634967706, 0.7869333435327579, 0.718415495982537, 0.6742933433025311, 0.6317965641999856, 0.6045652848787797, 0.5832222370000986, 0.5642985594578278, 0.5464377517883594, 0.5340534050495197, 0.5191221042321279, 0.5092905996701657, 0.4968164388185892, 0.4883038573540174, 0.4741842357776104, 0.47039503436057994, 0.4663134712439317, 0.4638180941343307, 0.4546469223040801, 0.44855654411591017, 0.44029202931202377, 0.4390941007779195, 0.43611292712963545, 0.43739021443403686, 0.4328450043232013, 0.4277019230219034, 0.42611009937066296, 0.42529167246360045, 0.42167329513109647, 0.41964470461393016, 0.41269341325148556, 0.41198321798673043, 0.41570661461506137, 0.4146788037358186, 0.40793410149904397, 0.4093227051771604, 0.40386775808456615, 0.40524187561793207, 0.39953585247962903, 0.4033141273718614, 0.4002344480309731, 0.39784650313548553, 0.3957848236728937, 0.3961169266929993], "train acc": [10.0, 9.813701923076923, 11.608573717948717, 28.311298076923077, 47.96073717948718, 61.328125, 68.39142628205128, 72.61217948717949, 75.14222756410257, 76.80889423076923, 78.32932692307692, 79.2608173076923, 79.81570512820512, 80.78926282051282, 81.28004807692308, 81.57451923076923, 82.16546474358974, 82.52604166666667, 82.890625, 83.32732371794872, 83.73597756410257, 83.7520032051282, 84.04447115384616, 84.13261217948718, 84.50520833333333, 84.69150641025641, 84.94791666666667, 85.08814102564102, 85.09214743589743, 85.05809294871794, 85.21434294871794, 85.4667467948718, 85.37459935897436, 85.5889423076923, 85.55689102564102, 85.76522435897436, 85.99358974358974, 85.92147435897436, 85.88141025641026, 85.81530448717949, 86.11578525641026, 85.9775641025641, 86.22996794871794, 86.1698717948718, 86.47035256410257, 86.15184294871794, 86.30008012820512, 86.25400641025641, 86.50841346153847, 86.47235576923077], "test loss": [2.305043864250183, 2.3031782627105715, 2.1270827770233156, 1.7297717332839966, 1.3421507835388184, 1.141379451751709, 1.0517117023468017, 0.9574000298976898, 1.0794256210327149, 0.9908951818943024, 0.7766847133636474, 0.8190483331680298, 0.8653049290180206, 1.1431982517242432, 0.8091044902801514, 0.8314866781234741, 1.0374255061149598, 0.8153933227062226, 0.6279382050037384, 0.782042270898819, 0.683968436717987, 0.8826059341430664, 0.5773964285850525, 0.7220907032489776, 0.8077034890651703, 0.7027716279029846, 0.5746802508831024, 0.7725477874279022, 0.6213817894458771, 0.79135160446167, 0.588276594877243, 0.7432343304157257, 0.6797509133815766, 0.6149271667003632, 0.6192103922367096, 0.5662877857685089, 0.5509868323802948, 0.6044321358203888, 0.6287753045558929, 0.5586988389492035, 0.7513698518276215, 0.5571081548929214, 0.6176644802093506, 0.6597289443016052, 0.5475267887115478, 0.789787882566452, 0.5994480907917022, 0.7489075899124146, 0.5432668775320053, 0.5745662927627564], "test acc": [10.000000286102296, 10.000000190734863, 18.930000495910644, 36.21000099182129, 52.790000915527344, 59.340000534057616, 62.80000114440918, 67.80000228881836, 64.66000099182129, 64.67000122070313, 73.60000152587891, 71.36000137329101, 70.85000228881836, 64.46000061035156, 71.7500015258789, 72.52000198364257, 69.58000030517579, 73.90000228881836, 78.51000137329102, 74.28000183105469, 77.65000076293946, 71.98000259399414, 80.36000213623046, 75.47000198364258, 72.49000091552735, 76.7400016784668, 80.1900016784668, 75.86000061035156, 79.6500015258789, 73.12000122070313, 79.85000228881836, 74.81000213623047, 77.12000198364258, 80.12000045776367, 79.16000137329101, 80.70000076293945, 81.2300018310547, 79.82000198364258, 78.82000198364258, 81.2300018310547, 75.9400016784668, 81.51000061035157, 79.18000183105468, 78.60000152587891, 81.46000137329102, 74.77000198364257, 80.21000213623047, 76.23000259399414, 81.80000076293945, 80.97000122070312], "time": ["2021-04-12T05:44:47.662732", "2021-04-12T05:45:44.577505", "2021-04-12T05:46:41.462504", "2021-04-12T05:47:38.369173", "2021-04-12T05:48:35.205615", "2021-04-12T05:49:32.109926", "2021-04-12T05:50:28.960752", "2021-04-12T05:51:25.772828", "2021-04-12T05:52:22.585079", "2021-04-12T05:53:19.437733", "2021-04-12T05:54:16.241223", "2021-04-12T05:55:13.041930", "2021-04-12T05:56:09.901521", "2021-04-12T05:57:06.750779", "2021-04-12T05:58:03.736603", "2021-04-12T05:59:00.784127", "2021-04-12T05:59:57.832035", "2021-04-12T06:00:54.842899", "2021-04-12T06:01:51.799485", "2021-04-12T06:02:48.662167", "2021-04-12T06:03:45.627303", "2021-04-12T06:04:42.540402", "2021-04-12T06:05:39.558036", "2021-04-12T06:06:36.506731", "2021-04-12T06:07:33.723111", "2021-04-12T06:08:30.687446", "2021-04-12T06:09:27.634888", "2021-04-12T06:10:24.653808", "2021-04-12T06:11:21.552440", "2021-04-12T06:12:18.608423", "2021-04-12T06:13:15.594015", "2021-04-12T06:14:12.609405", "2021-04-12T06:15:09.584525", "2021-04-12T06:16:06.502482", "2021-04-12T06:17:03.484389", "2021-04-12T06:18:00.420986", "2021-04-12T06:18:57.382453", "2021-04-12T06:19:54.483633", "2021-04-12T06:20:51.514295", "2021-04-12T06:21:48.612189", "2021-04-12T06:22:45.688737", "2021-04-12T06:23:42.749065", "2021-04-12T06:24:39.817441", "2021-04-12T06:25:36.923086", "2021-04-12T06:26:33.847243", "2021-04-12T06:27:30.726135", "2021-04-12T06:28:27.775478", "2021-04-12T06:29:24.935101", "2021-04-12T06:30:21.929364", "2021-04-12T06:31:18.875313"]}