{"train loss": [4.388164791698218, 3.9561274314170256, 3.954279969417819, 3.955513642405273, 3.9555576383458635, 3.959822300479036, 6.2769702295439735, 3.956165423864133, 3.955589555584478, 3.958490687791389, 3.9559604702147397, 3.9553282209476466, 3.9558986407809305, 3.953378343690402, 3.95963262429167, 3.956664296473872, 3.955559101602682, 3.9588334173403856, 3.955915091933511, 3.953364456417071, 3.9562691213324177, 3.9565828918192905, 3.954430527367738, 3.9543793242039933, 3.9599708498674406, 3.9521524473162164, 3.954655131471008, 3.954367393532622, 3.9563328215807982, 3.954038827562711, 3.9534992037782875, 3.95399103262097, 3.958946430182484, 3.9545607071594, 3.954697540209594, 3.9536365945818206, 3.9594042623218964, 3.9557898269203005, 3.957352738916265, 3.9537021228863893, 3.9603949973315307, 3.954985017808964, 3.9537339218628933, 3.9574980984751673, 3.9589147703060363, 3.9551626978342704, 3.955062235118853, 3.9601888410349573, 3.9585500699843235, 3.9546330589441654], "train acc": [2.1885641316685587, 2.142451759364359, 2.2054128830874005, 2.1052071509648127, 2.082150964812713, 2.168168274687855, 2.1140749148694664, 2.0901319523269013, 2.0635286606129397, 2.0830377412031784, 2.05200056753689, 2.2284690692395004, 2.1167352440408624, 2.098999716231555, 2.01741628830874, 2.100773269012486, 2.168168274687855, 2.0768303064699207, 2.1522062996594777, 2.084811293984109, 2.2098467650397278, 2.0351518161180477, 2.1185087968217933, 2.09811293984109, 2.0644154370034054, 2.1052071509648127, 2.1530930760499434, 2.0839245175936436, 2.1256030079455166, 2.1335839954597047, 2.142451759364359, 2.138904653802497, 2.09811293984109, 2.0874716231555053, 2.0874716231555053, 2.129150113507378, 2.106093927355278, 2.119395573212259, 2.1779228149829737, 2.1344707718501703, 2.143338535754824, 2.0856980703745744, 2.147772417707151, 2.0741699772985243, 2.098999716231555, 1.9916997729852441, 2.138904653802497, 2.1282633371169126, 2.0768303064699207, 2.1114145856980704], "test loss": [3.896493574406238, 3.916772025696775, 3.9844893724360366, 3.972688469480961, 3.9691061618480274, 3.9847976679497576, 3.9679432447920453, 3.9716466690631624, 3.93270269353339, 3.910521076080647, 3.949868247864094, 3.9491726261504154, 4.011578828730482, 3.9451264092262757, 3.9946055742020303, 3.9262957725119083, 3.9477732181549072, 3.924984348581192, 3.96019598778258, 3.8959735479760678, 3.9157792710243386, 3.907922311032072, 4.031087832247957, 3.969241517655393, 4.022868881834314, 3.9571397634262735, 3.9362143709304487, 3.924216168992063, 3.9581949736209627, 3.989318860338089, 3.958522707857984, 3.96977092357392, 4.006626783533299, 3.982137583671732, 3.9400203354815218, 3.95124074246021, 3.9291513904612114, 3.9858662524121873, 3.9366672013668302, 3.8962526676502636, 3.8829170972742935, 3.9286361628390374, 3.9559313845127186, 3.9328691578925925, 3.949331321614854, 3.951593168238376, 3.9562233255264605, 3.9175313330711203, 3.9687397302465235, 3.9606502284394933], "test acc": [2.127659613781787, 2.1276596201227065, 2.1276596188545227, 2.127659615049971, 2.1276595789067287, 2.1276596188545227, 2.127659612513603, 2.127659612513603, 2.1276595789067287, 2.127659612513603, 2.1276596226590745, 2.1276596226590745, 2.1276596239272583, 2.1276596074408674, 2.1276596036363156, 2.127659615049971, 2.12765962773181, 2.1276596201227065, 2.127659589686292, 2.1276596074408674, 2.1276596251954425, 2.127659615684063, 2.1276596251954425, 2.127659613781787, 2.127659612513603, 2.1276596106113272, 2.127659593490844, 2.127659589686292, 2.127659646754569, 2.1276596239272583, 2.127659580809005, 2.127659589686292, 2.127659589686292, 2.1276596074408674, 2.1276596074408674, 2.1276596239272583, 2.1276596201227065, 2.1276596036363156, 2.127659613781787, 2.127659596027212, 2.1276596251954425, 2.1276596036363156, 2.127659589686292, 2.1276596239272583, 2.12765962773181, 2.1276596074408674, 2.1276596264636263, 2.1276596251954425, 2.127659611245419, 2.127659615684063], "time": ["2021-04-10T04:43:14.987047", "2021-04-10T04:45:33.167739", "2021-04-10T04:47:51.572167", "2021-04-10T04:50:09.648928", "2021-04-10T04:52:27.924637", "2021-04-10T04:54:46.383666", "2021-04-10T04:57:04.636812", "2021-04-10T04:59:23.535954", "2021-04-10T05:01:42.097304", "2021-04-10T05:04:00.388833", "2021-04-10T05:06:18.927998", "2021-04-10T05:08:37.277085", "2021-04-10T05:10:55.556849", "2021-04-10T05:13:14.067761", "2021-04-10T05:15:33.674538", "2021-04-10T05:17:52.151633", "2021-04-10T05:20:10.867807", "2021-04-10T05:22:29.385113", "2021-04-10T05:24:48.081167", "2021-04-10T05:27:06.693205", "2021-04-10T05:29:25.187771", "2021-04-10T05:31:43.800497", "2021-04-10T05:34:02.261518", "2021-04-10T05:36:21.071445", "2021-04-10T05:38:40.035852", "2021-04-10T05:40:58.876355", "2021-04-10T05:43:17.480653", "2021-04-10T05:45:35.973978", "2021-04-10T05:47:54.472169", "2021-04-10T05:50:13.405237", "2021-04-10T05:52:31.824036", "2021-04-10T05:54:50.315109", "2021-04-10T05:57:08.950289", "2021-04-10T05:59:27.512167", "2021-04-10T06:01:45.872542", "2021-04-10T06:04:04.528352", "2021-04-10T06:06:23.079758", "2021-04-10T06:08:41.576459", "2021-04-10T06:11:00.050687", "2021-04-10T06:13:19.627404", "2021-04-10T06:15:40.448592", "2021-04-10T06:17:58.844661", "2021-04-10T06:20:17.904966", "2021-04-10T06:22:36.424373", "2021-04-10T06:24:56.223731", "2021-04-10T06:27:14.805128", "2021-04-10T06:29:34.395775", "2021-04-10T06:31:52.938727", "2021-04-10T06:34:11.379955", "2021-04-10T06:36:29.756807"]}