{"train loss": [3.955629291653498, 2.526932969334177, 0.855989444472327, 0.7297437081407337, 0.6889039721513308, 0.6793299224671657, 0.6683406400897041, 0.6659380579441279, 0.6603162946955435, 0.6555719303895342, 0.6498969412756561, 0.648689235278345, 0.6488414784295063, 0.6455818270243256, 0.6445469458108593, 0.6440934224918942, 0.6440690344497646, 0.6460714971437357, 0.6439974104370351, 0.6439768055308014, 0.6440536773231865, 0.6423092216896009, 0.6406302947665181, 0.6426454686076633, 0.6436845136893052, 0.6405669541418485, 0.6423531973334907, 0.6421812675664968, 0.6415572247291396, 0.6406185201091203, 0.6398900073448727, 0.6384410752949731, 0.6425114257449325, 0.6382704092344009, 0.6401290607709484, 0.6435750902172656, 0.6422047343752035, 0.6427296385185943, 0.6409203407780673, 0.6437171788613453, 0.6400691187611773, 0.6418334079925373, 0.6407414627061664, 0.6437258144648202, 0.6413415269873335, 0.6420872747965758, 0.6437243031048206, 0.6454781089548897, 0.6482665016147795, 0.6447353811932476], "train acc": [2.047566685584563, 28.618934449489217, 71.42983825198638, 75.35914443813849, 76.6857619182747, 76.85070232690124, 77.27901532349603, 77.42799375709421, 77.53352014755959, 77.70023410896708, 77.83679767309876, 77.96005959137344, 77.92192820658343, 77.84743898978434, 78.09396282633371, 78.08686861521, 78.13564131668558, 77.99287031782066, 78.08952894438139, 78.10903802497162, 78.16224460839955, 78.12233967082861, 78.17288592508513, 77.99020998864927, 78.08066118047672, 78.17909335981838, 78.25535612939841, 78.13741486946651, 78.14716940976163, 78.24382803632236, 78.11081157775256, 78.16579171396141, 78.17909335981838, 78.26156356413166, 78.10726447219069, 78.05405788876277, 78.18264046538025, 78.06647275822928, 78.16047105561861, 78.11879256526674, 78.18175368898979, 78.2172247446084, 78.12145289443814, 78.1019438138479, 78.27486520998865, 78.17643303064699, 78.06292565266742, 78.00883229284904, 77.94143728717367, 78.125], "test loss": [3.8632702294816363, 1.4090794870193968, 0.9118763962958721, 0.7523916775875903, 1.0344958007335663, 1.0119526576488576, 1.1822876651236351, 0.7803241318844735, 1.1802989903916703, 0.7640281351322823, 1.0711119352503027, 1.1526467686003827, 0.7826584006877656, 0.9779765377653405, 1.1966639757156372, 0.8364390572334858, 1.082279992230395, 1.0382784002638878, 0.9915495965074985, 0.9332212057519467, 1.1004177395333634, 1.013103204204681, 1.120250403881073, 0.7732812762260437, 0.8698938349460034, 0.9685851265775397, 1.50101533976007, 0.984090157645814, 1.0747056761954694, 0.9186380809925973, 0.7795499575899002, 1.1277026166307165, 0.774262935557264, 0.959621880916839, 0.8674830927493724, 1.209596552747361, 0.8130333563114734, 0.9670422977589547, 1.3816064291812005, 0.8990872369167653, 1.1364255940660517, 1.5341554867460372, 0.9591948142711152, 0.729759749579937, 0.8672663100222324, 0.8596905850349589, 1.2005796305676724, 0.9728308675136972, 0.865291897920852, 0.7676594637809916], "test acc": [2.127659613781787, 56.46276701257584, 69.72340506695687, 74.34574614179895, 66.77127830018388, 67.19149082265001, 65.00532000115577, 74.2446823931755, 64.28191578641851, 75.68085317408784, 64.53191635456491, 62.94680960634921, 74.29255408429086, 68.28191676038377, 66.22872405356549, 74.28191692271132, 65.06383108585439, 67.89361848222448, 67.54255416545462, 70.75532036639274, 64.82978901964553, 67.61170415675386, 66.29787307089947, 74.87766071076089, 71.63297961620574, 69.15957674067072, 56.27659635340914, 70.45744859411361, 69.15425653660552, 71.1861715113863, 74.87766119774352, 63.32446869383467, 74.28191635456491, 70.36702289987117, 72.60106577771775, 62.393617954659966, 74.16489467215031, 68.19149041683116, 58.55319217925376, 71.39893673835917, 65.47872470287567, 58.744681743865314, 69.90957568554168, 76.63829973910717, 71.88829933328832, 71.8297885326629, 63.090426424716384, 70.53191635456491, 72.45744826945852, 74.48404523159596], "time": ["2021-04-10T01:05:48.205279", "2021-04-10T01:07:49.672699", "2021-04-10T01:09:51.850059", "2021-04-10T01:11:53.676493", "2021-04-10T01:13:56.383826", "2021-04-10T01:15:57.939612", "2021-04-10T01:18:00.931330", "2021-04-10T01:20:03.496044", "2021-04-10T01:22:08.591411", "2021-04-10T01:24:11.028181", "2021-04-10T01:26:12.829044", "2021-04-10T01:28:16.600234", "2021-04-10T01:30:19.515994", "2021-04-10T01:32:21.868324", "2021-04-10T01:34:23.393275", "2021-04-10T01:36:29.068007", "2021-04-10T01:38:31.493030", "2021-04-10T01:40:34.532510", "2021-04-10T01:42:36.323151", "2021-04-10T01:44:37.812264", "2021-04-10T01:46:39.381012", "2021-04-10T01:48:41.717012", "2021-04-10T01:50:45.592468", "2021-04-10T01:52:47.071890", "2021-04-10T01:54:51.612334", "2021-04-10T01:56:55.692744", "2021-04-10T01:59:01.947803", "2021-04-10T02:01:06.109854", "2021-04-10T02:03:07.619717", "2021-04-10T02:05:10.192840", "2021-04-10T02:07:11.768093", "2021-04-10T02:09:13.345971", "2021-04-10T02:11:15.430711", "2021-04-10T02:13:17.080282", "2021-04-10T02:15:19.832372", "2021-04-10T02:17:21.821070", "2021-04-10T02:19:24.007735", "2021-04-10T02:21:25.947614", "2021-04-10T02:23:27.512862", "2021-04-10T02:25:30.107766", "2021-04-10T02:27:31.828396", "2021-04-10T02:29:36.283407", "2021-04-10T02:31:37.851779", "2021-04-10T02:33:39.515887", "2021-04-10T02:35:41.460088", "2021-04-10T02:37:45.384779", "2021-04-10T02:39:46.992432", "2021-04-10T02:41:50.597021", "2021-04-10T02:43:52.247880", "2021-04-10T02:45:54.162863"]}