{"train loss": [1.9002667775520912, 1.3356640005723024, 1.0070241261751225, 0.8026407891359084, 0.695717238004391, 0.6284058231573838, 0.5760901276117716, 0.5293911097141413, 0.5005524272337938, 0.47653941397483535, 0.45452344776728215, 0.43182775324735884, 0.4225347517774655, 0.4027969126517956, 0.3923533411744313, 0.3833764747549326, 0.36787496472780523, 0.3633319413432708, 0.35422775600201045, 0.34575352920935704, 0.33537419877755337, 0.3287582988922413, 0.3314495014456602, 0.323717943024941, 0.3184383709461261, 0.31014410528617026, 0.2985947699118883, 0.30248610098392537, 0.2944839074061467, 0.293033516445221, 0.28614401599535577, 0.2844466494444089, 0.27980366034003407, 0.27496620596219334, 0.27718787388159677, 0.27745261284021233, 0.27231522080225823, 0.2677642732858658, 0.26325258490366815, 0.2608083077539236, 0.2564679562854461, 0.25572209631403287, 0.2560479447245598, 0.2547805632154147, 0.2507049273986083, 0.24795942969429188, 0.2491429922481378, 0.24230477242515638, 0.2420568466759645, 0.24336622468171976], "train acc": [28.942307692307693, 51.276041666666664, 64.1826923076923, 71.99719551282051, 75.67908653846153, 78.1610576923077, 79.97395833333333, 81.6045673076923, 82.76642628205128, 83.43149038461539, 84.36498397435898, 85.06810897435898, 85.37259615384616, 86.02764423076923, 86.34815705128206, 86.8369391025641, 87.30969551282051, 87.34775641025641, 87.67628205128206, 88.03084935897436, 88.52564102564102, 88.61979166666667, 88.58573717948718, 88.9042467948718, 88.96233974358974, 89.22876602564102, 89.60536858974359, 89.46915064102564, 89.83173076923077, 89.91185897435898, 90.06610576923077, 90.21434294871794, 90.37459935897436, 90.39663461538461, 90.51883012820512, 90.41866987179488, 90.38461538461539, 90.7792467948718, 90.75721153846153, 91.01963141025641, 91.11979166666667, 91.25600961538461, 90.88741987179488, 91.16786858974359, 91.2119391025641, 91.43629807692308, 91.29807692307692, 91.55849358974359, 91.50841346153847, 91.49038461538461], "test loss": [1.6029553651809691, 1.1524247765541076, 1.1727545499801635, 0.8398898124694825, 0.74823499917984, 0.7267857491970062, 0.7330435574054718, 0.6274835884571075, 0.528288158774376, 0.5464213132858277, 0.7754880666732789, 0.523178493976593, 0.645225989818573, 0.6240156292915344, 0.6940050482749939, 0.5459469079971313, 0.5637621760368348, 0.5685288786888123, 0.49396990835666654, 0.6682471752166748, 0.5070921808481217, 0.4873044788837433, 0.4624233812093735, 0.6011116802692413, 0.5080310672521591, 0.476863431930542, 0.49587399065494536, 0.5718060433864594, 0.5236344307661056, 0.37208400666713715, 0.6422261476516724, 0.4495393127202988, 0.5669205009937286, 0.5499309659004211, 0.41814551055431365, 0.5105316519737244, 0.4748887628316879, 0.4540903717279434, 0.3923583447933197, 0.500313675403595, 0.5256459444761277, 0.4388823062181473, 0.40022590160369875, 0.42095544934272766, 0.4842407822608948, 0.5856682419776916, 0.5072300285100937, 0.42477892637252807, 0.4061056077480316, 0.5524976849555969], "test acc": [40.760000228881836, 59.00000076293945, 60.53000106811523, 71.12000045776367, 73.52000122070312, 75.34000167846679, 74.6500015258789, 78.34000167846679, 81.83000106811524, 80.96000137329102, 73.80000076293945, 82.1500015258789, 77.86000137329101, 79.68000106811523, 77.78000106811524, 80.70000228881835, 81.21000137329102, 80.83000183105469, 83.43000183105468, 78.27000198364257, 82.9500015258789, 83.54000244140624, 84.6900016784668, 80.39000091552734, 82.96000213623047, 83.72000198364258, 83.6500015258789, 81.73000106811523, 83.0000015258789, 87.48000106811523, 79.78000106811524, 84.9800033569336, 81.35000076293946, 82.27000122070312, 85.71000289916992, 83.26000289916992, 84.37000122070313, 85.17000350952148, 86.68000106811523, 83.70000076293945, 82.52000122070312, 85.72000122070312, 86.86000137329101, 86.2900016784668, 83.85000152587891, 81.34000167846679, 83.3900016784668, 86.10000228881836, 86.63000030517578, 82.62000198364258], "time": ["2021-04-10T06:38:03.821216", "2021-04-10T06:39:26.291908", "2021-04-10T06:40:48.717713", "2021-04-10T06:42:11.245052", "2021-04-10T06:43:33.758878", "2021-04-10T06:44:56.128285", "2021-04-10T06:46:18.574142", "2021-04-10T06:47:41.058796", "2021-04-10T06:49:03.691782", "2021-04-10T06:50:26.801541", "2021-04-10T06:51:49.277508", "2021-04-10T06:53:11.773156", "2021-04-10T06:54:34.351645", "2021-04-10T06:55:56.824745", "2021-04-10T06:57:19.339976", "2021-04-10T06:58:41.991598", "2021-04-10T07:00:04.424385", "2021-04-10T07:01:27.000649", "2021-04-10T07:02:49.535865", "2021-04-10T07:04:12.052451", "2021-04-10T07:05:34.621696", "2021-04-10T07:06:57.130012", "2021-04-10T07:08:19.783590", "2021-04-10T07:09:42.785224", "2021-04-10T07:11:05.512150", "2021-04-10T07:12:28.115748", "2021-04-10T07:13:50.857608", "2021-04-10T07:15:13.480861", "2021-04-10T07:16:36.234976", "2021-04-10T07:17:58.985583", "2021-04-10T07:19:21.744591", "2021-04-10T07:20:44.380026", "2021-04-10T07:22:07.650432", "2021-04-10T07:23:30.301009", "2021-04-10T07:24:52.834376", "2021-04-10T07:26:15.451043", "2021-04-10T07:27:37.907712", "2021-04-10T07:29:00.543896", "2021-04-10T07:30:23.091878", "2021-04-10T07:31:45.803371", "2021-04-10T07:33:08.346367", "2021-04-10T07:34:31.079035", "2021-04-10T07:35:53.619095", "2021-04-10T07:37:16.373899", "2021-04-10T07:38:38.999663", "2021-04-10T07:40:01.603665", "2021-04-10T07:41:24.195274", "2021-04-10T07:42:46.864052", "2021-04-10T07:44:09.543546", "2021-04-10T07:45:32.043390"]}