{"train loss": [3.4716200064390135, 2.345464415427966, 2.3447489475592587, 2.337384992990738, 2.3419226181812776, 2.3428438235551883, 4.849564656233176, 2.336836379002302, 2.3374126917276628, 2.341737251404004, 2.341385389596988, 2.340183508090484, 2.3417858007626657, 2.342487059495388, 2.340415629973778, 2.34940968476809, 2.3488880377549393, 2.338226738342872, 2.3395697116851806, 2.3406801498853245, 2.340848264938746, 2.3452067436316075, 2.340448620991829, 2.3437512495578865, 2.3462332896697213, 2.3407154651788566, 2.343394428033095, 2.3476248080913837, 2.344811934691209, 2.3448630100641497, 2.343440214792887, 2.343281890184451, 2.3449350473208304, 2.345926128900968, 2.3430808721444545, 2.3434422878118664, 2.34100819061964, 2.3425841172536215, 2.341421675682068, 2.3382681113023023, 2.341318895877936, 2.3454003168986395, 2.343606261106638, 2.342719229062398, 2.345429133146237, 2.3422386426192063, 2.344292235374451, 2.3424166300357916, 2.34191902417403, 2.3427399488595815], "train acc": [9.971955128205128, 9.927884615384615, 10.350560897435898, 9.943910256410257, 9.895833333333334, 10.098157051282051, 10.020032051282051, 9.809695512820513, 9.711538461538462, 9.93790064102564, 10.104166666666666, 10.192307692307692, 9.941907051282051, 9.849759615384615, 9.901842948717949, 9.717548076923077, 10.020032051282051, 9.971955128205128, 10.226362179487179, 9.883814102564102, 9.821714743589743, 9.93790064102564, 9.975961538461538, 9.765625, 10.030048076923077, 9.6875, 10.260416666666666, 10.102163461538462, 10.15224358974359, 10.022035256410257, 9.91786858974359, 9.865785256410257, 9.733573717948717, 10.026041666666666, 10.106169871794872, 10.058092948717949, 10.030048076923077, 10.088141025641026, 10.032051282051283, 10.042067307692308, 10.16025641025641, 10.180288461538462, 9.99599358974359, 10.22235576923077, 9.813701923076923, 9.951923076923077, 10.292467948717949, 9.973958333333334, 10.306490384615385, 10.06209935897436], "test loss": [2.3183972120285032, 2.3131187200546264, 2.3759300470352174, 2.3155689239501953, 2.350103759765625, 2.313886594772339, 2.340481758117676, 2.312264084815979, 2.3682366371154786, 2.3142277717590334, 2.3373656272888184, 2.3081192493438722, 2.3754132270812987, 2.3318139791488646, 2.3860655069351195, 2.3074423551559446, 2.3190954446792604, 2.31098313331604, 2.3559637308120727, 2.309423303604126, 2.338079023361206, 2.318749737739563, 2.334034967422485, 2.3068053483963014, 2.3598856925964355, 2.309340763092041, 2.381399416923523, 2.3135059595108034, 2.356813979148865, 2.3070247173309326, 2.3375658273696898, 2.3177942037582397, 2.338798451423645, 2.309066557884216, 2.349382209777832, 2.3077147960662843, 2.354447674751282, 2.3125183820724486, 2.334000515937805, 2.3107039451599123, 2.3581913471221925, 2.3099926948547362, 2.3454214572906493, 2.3146618843078612, 2.3495262622833253, 2.317369985580444, 2.3254475355148316, 2.3172496795654296, 2.3391799688339234, 2.3160735607147216], "test acc": [10.010000133514405, 10.000000190734863, 10.000000190734863, 10.010000133514405, 10.000000190734863, 10.000000190734863, 10.000000095367431, 10.000000190734863, 10.000000190734863, 10.000000190734863, 10.000000238418579, 10.000000095367431, 10.000000190734863, 10.000000190734863, 10.000000190734863, 10.000000190734863, 10.000000095367431, 10.000000190734863, 10.000000190734863, 10.000000190734863, 10.000000190734863, 10.000000190734863, 10.000000190734863, 10.000000190734863, 10.000000190734863, 10.000000190734863, 10.000000190734863, 10.000000095367431, 10.000000190734863, 10.000000095367431, 10.000000095367431, 10.000000190734863, 10.000000238418579, 10.000000190734863, 10.000000286102296, 10.000000238418579, 10.000000095367431, 10.000000095367431, 10.000000190734863, 10.000000190734863, 10.000000190734863, 10.000000190734863, 10.000000190734863, 10.000000190734863, 10.000000286102296, 10.000000190734863, 10.000000095367431, 10.000000095367431, 10.000000095367431, 10.000000238418579], "time": ["2021-04-10T11:33:52.299453", "2021-04-10T11:35:03.688323", "2021-04-10T11:36:16.041715", "2021-04-10T11:37:28.328631", "2021-04-10T11:38:40.686558", "2021-04-10T11:39:52.941971", "2021-04-10T11:41:05.569453", "2021-04-10T11:42:18.212480", "2021-04-10T11:43:30.689826", "2021-04-10T11:44:42.935127", "2021-04-10T11:45:55.255073", "2021-04-10T11:47:07.565991", "2021-04-10T11:48:20.221272", "2021-04-10T11:49:33.005894", "2021-04-10T11:50:45.300789", "2021-04-10T11:51:57.629934", "2021-04-10T11:53:10.056917", "2021-04-10T11:54:22.610083", "2021-04-10T11:55:35.017276", "2021-04-10T11:56:47.470059", "2021-04-10T11:57:59.695683", "2021-04-10T11:59:11.933738", "2021-04-10T12:00:24.171523", "2021-04-10T12:01:36.517394", "2021-04-10T12:02:48.769981", "2021-04-10T12:04:00.949754", "2021-04-10T12:05:13.266795", "2021-04-10T12:06:25.574521", "2021-04-10T12:07:38.055004", "2021-04-10T12:08:51.082272", "2021-04-10T12:10:03.675290", "2021-04-10T12:11:16.183185", "2021-04-10T12:12:28.576221", "2021-04-10T12:13:41.078302", "2021-04-10T12:14:53.334091", "2021-04-10T12:16:04.702290", "2021-04-10T12:17:16.786910", "2021-04-10T12:18:29.069719", "2021-04-10T12:19:41.438106", "2021-04-10T12:20:54.110956", "2021-04-10T12:22:06.555670", "2021-04-10T12:23:18.900494", "2021-04-10T12:24:31.247210", "2021-04-10T12:25:43.462572", "2021-04-10T12:26:55.871227", "2021-04-10T12:28:08.233106", "2021-04-10T12:29:20.619304", "2021-04-10T12:30:35.163024", "2021-04-10T12:31:47.546745", "2021-04-10T12:32:59.997944"]}