{"train loss": [1.25261432453398, 0.5487127644723444, 0.47689952423096243, 0.44084600478444547, 0.4207020202032148, 0.40510097474164236, 0.3935028472397303, 0.38602553568484427, 0.3785213711380823, 0.371354035940127, 0.36805375427785714, 0.36568992069914985, 0.3602188849963341, 0.35744177736976224, 0.3535637400376269, 0.3528028913645685, 0.3495184539666105, 0.3473434118420799, 0.345301154303226, 0.34310594096221664, 0.3404040968005422, 0.33921615907945646, 0.335922076553952, 0.33574388183814036, 0.33329323994653315, 0.3306648150069489, 0.32873157045627427, 0.3279622213388545, 0.32640848296116215, 0.3246785217597996, 0.32311536451203327, 0.32057240679775545, 0.3211415762020429, 0.32001402292497855, 0.31588692360987863, 0.3186395763166917, 0.31554769419311257, 0.3143195765479875, 0.31191596835344254, 0.311817188657372, 0.3090861434123302, 0.3094302169581142, 0.30759733944928336, 0.30907082425749666, 0.3090562521058233, 0.30446527157482034, 0.3043941795893614, 0.3039845415432256, 0.3042861497733704, 0.3030181214906842], "train acc": [61.16008087400681, 80.69133087400681, 82.9277809307605, 84.17370175936436, 84.80153944381385, 85.23694665153235, 85.60318530079455, 85.85236946651533, 86.16717508513054, 86.35960556186151, 86.50947077185018, 86.65933598183882, 86.75954171396141, 86.859747446084, 87.05483825198638, 87.13730845629966, 87.09296963677639, 87.15061010215663, 87.16391174801362, 87.2898339954597, 87.38560584562997, 87.46098183881952, 87.48492480136208, 87.6356767877412, 87.55852724177072, 87.73233541430193, 87.84672956867196, 87.81391884222475, 87.86357832009081, 87.86269154370034, 87.9788592508513, 88.05512202043133, 88.0276319523269, 88.07551787741203, 88.25198637911464, 88.13936577752554, 88.29011776390466, 88.24577894438139, 88.41604001135073, 88.40185158910329, 88.39475737797957, 88.4045119182747, 88.37524829738933, 88.33534335981838, 88.38500283768445, 88.58541430192963, 88.57743331441544, 88.54994324631102, 88.58630107832009, 88.52866061293985], "test loss": [0.6157890418742565, 0.585005650494961, 0.4782120775669179, 0.42535388881855823, 0.43935097690592423, 0.4783134850415778, 0.42730965354341144, 0.43462772984453973, 0.46101768917225777, 0.4334289831049899, 0.46180580429574275, 0.4050281894333819, 0.43116154093691644, 0.4663347002673656, 0.4368232742268988, 0.4732974047990555, 0.4551886323284596, 0.42609725543793214, 0.3868963528186717, 0.3445767012048275, 0.347222330722403, 0.36453594235663717, 0.3673753361118601, 0.3831544943312381, 0.3986882491314665, 0.39049785663472847, 0.37463007867336273, 0.3908225545223723, 0.38747504353523254, 0.4423576149534672, 0.41459724180241847, 0.5162346331363029, 0.407533383749901, 0.4404327390675849, 0.38957885383291446, 0.4242177212491949, 0.4543026311600462, 0.4061938273779889, 0.4422605078905187, 0.3210413097701174, 0.3551709807299553, 0.356253760292175, 0.36306880953464105, 0.39148520979475465, 0.3930095205915735, 0.3370957317504477, 0.3888915780376881, 0.3887899315103571, 0.3944776800084621, 0.39425984468865904], "test acc": [78.92553353816905, 79.96808543103806, 83.37234237346243, 85.53191635456491, 84.5531929503096, 83.11170423791764, 85.02127830018388, 84.90957527972282, 83.44149090381379, 84.9787251898583, 83.9202146327242, 85.5372354223373, 84.83510792509038, 83.94149074148625, 84.4627662821019, 83.19149025450362, 83.78191586758228, 84.75000048698263, 86.6436187257158, 87.45212855237595, 87.62234123716964, 86.97872445938435, 86.95744810713099, 86.48404360832052, 85.59574614179895, 86.47872397240172, 86.57447043885576, 86.32978869499044, 86.32446978954559, 84.5531929503096, 85.52659696213742, 81.66489556495179, 86.09574638529027, 84.67021438923288, 86.16489450982276, 85.08510776276285, 84.63829957677963, 85.57446922139918, 84.96808632383956, 88.39893625137654, 87.54787372020965, 87.45212879586727, 87.15425580613156, 85.98404441995824, 86.10106561539021, 88.43617167371384, 86.37766119774352, 85.97340595975835, 86.24468223084794, 85.57446978954559], "time": ["2021-04-09T22:32:52.742355", "2021-04-09T22:35:58.005569", "2021-04-09T22:39:03.831769", "2021-04-09T22:42:09.314772", "2021-04-09T22:45:14.528452", "2021-04-09T22:48:19.784163", "2021-04-09T22:51:24.833908", "2021-04-09T22:54:31.668012", "2021-04-09T22:57:38.163709", "2021-04-09T23:00:43.739277", "2021-04-09T23:03:48.989254", "2021-04-09T23:06:54.730373", "2021-04-09T23:10:01.383821", "2021-04-09T23:13:12.546996", "2021-04-09T23:16:18.079621", "2021-04-09T23:19:20.616070", "2021-04-09T23:22:23.831606", "2021-04-09T23:25:26.263941", "2021-04-09T23:28:29.623602", "2021-04-09T23:31:32.348032", "2021-04-09T23:34:34.922302", "2021-04-09T23:37:38.243878", "2021-04-09T23:40:43.646262", "2021-04-09T23:43:46.611528", "2021-04-09T23:46:49.358161", "2021-04-09T23:49:53.115100", "2021-04-09T23:52:57.434040", "2021-04-09T23:55:59.976050", "2021-04-09T23:59:04.204077", "2021-04-10T00:02:10.103298", "2021-04-10T00:05:16.803758", "2021-04-10T00:08:19.791941", "2021-04-10T00:11:22.216018", "2021-04-10T00:14:27.014694", "2021-04-10T00:17:31.501787", "2021-04-10T00:20:34.231563", "2021-04-10T00:23:37.624271", "2021-04-10T00:26:40.411767", "2021-04-10T00:29:46.977936", "2021-04-10T00:32:49.531261", "2021-04-10T00:35:51.944329", "2021-04-10T00:38:54.820186", "2021-04-10T00:41:59.460351", "2021-04-10T00:45:09.901098", "2021-04-10T00:48:14.267149", "2021-04-10T00:51:22.276055", "2021-04-10T00:54:28.060698", "2021-04-10T00:57:32.011613", "2021-04-10T01:00:35.848277", "2021-04-10T01:03:41.048322"]}