{"train loss": [2.161738521327496, 0.609022790673913, 0.5172336784515965, 0.4811924687173391, 0.4645027787372825, 0.4538040059480169, 0.44604312323211404, 0.44124060223105277, 0.437951135665821, 0.43437224330547586, 0.4279750973223016, 0.4281771197559885, 0.4228043071291368, 0.42068563147990307, 0.4181249665517136, 0.4149501021279109, 0.4135042522842578, 0.41194951512283146, 0.4127296234367925, 0.41221293150769733, 0.4051021236025651, 0.4051015977488744, 0.40531351331887805, 0.4048239413001886, 0.40314296068926, 0.4013440842390331, 0.4015784956743173, 0.4002694464737928, 0.3998218807608532, 0.4012551701434219, 0.39904660419492255, 0.3977517873285577, 0.3991959396576367, 0.39748948895362934, 0.3940317856568619, 0.39781728599994326, 0.39674937662485643, 0.3946226442171415, 0.3956606510887081, 0.39426781703949515, 0.3934078308564445, 0.3939644293637606, 0.39270300035038275, 0.3933346814789918, 0.3924848298784282, 0.3926133867289774, 0.3904923027747064, 0.39129784901147535, 0.39208035215008136, 0.39220937066600486], "train acc": [39.65131952326901, 78.84328887627696, 81.69782207718502, 82.88787599318955, 83.35609392735527, 83.75425652667424, 83.95644154370034, 84.23045544835415, 84.26326617480136, 84.38564131668558, 84.57895856980704, 84.53728007945516, 84.71020147559591, 84.77493615209988, 84.925688138479, 85.07200624290579, 85.09949631101021, 85.15536322360954, 85.15181611804768, 85.15004256526674, 85.3433598183882, 85.36552922814982, 85.32917139614075, 85.36464245175937, 85.46484818388195, 85.46041430192963, 85.53933740068105, 85.60584562996594, 85.60584562996594, 85.6457505675369, 85.51539443813849, 85.58367622020431, 85.62180760499433, 85.72112656072645, 85.7042778093076, 85.66525964812713, 85.74595629965948, 85.78586123723042, 85.69186293984109, 85.68654228149829, 85.8142380817253, 85.83197360953461, 85.73354143019296, 85.87276532349603, 85.83020005675368, 85.79472900113507, 85.87985953461975, 85.90468927355278, 85.83640749148695, 85.82931328036322], "test loss": [0.860724335655253, 0.5358974933624268, 0.5383085120231548, 0.5131708976436169, 0.7369368824552982, 0.6031984160555169, 0.5068822886715544, 0.5369155165996957, 0.5238842082784531, 0.522935799144684, 0.7128445410982092, 0.4730976873889883, 0.5007875862907856, 0.5849268937364538, 0.5046396639118803, 0.6404843951793427, 0.6111362081892947, 0.5318832498915652, 0.7325829705025287, 0.3840916568928577, 0.41784909272447546, 0.4460801041506706, 0.47642626946276806, 0.4858123149643553, 0.5492369374062153, 0.4874106062219498, 0.465588260204234, 0.4502163741816866, 0.49660798431710995, 0.5833617556602397, 0.5773610009792003, 0.5024461498919953, 0.594633846206868, 0.5602926519956994, 0.5824795200469646, 0.5121562620426746, 0.5579381049313443, 0.5209555793949898, 0.5832391400286492, 0.355830098720307, 0.38016506997828786, 0.3950245006287352, 0.42610078733018103, 0.4131803420629907, 0.4100868695593895, 0.43236121662119603, 0.4317168970691397, 0.4534229594976344, 0.48952130846520686, 0.4570311130361354], "test acc": [71.8563855759641, 81.02127838134766, 81.09042683053524, 82.30851193691822, 75.06383059887176, 79.55319254449073, 82.37234229229867, 81.01595866426509, 82.05851169342691, 82.55851185575445, 76.9414905791587, 83.08510841207301, 83.32978804568027, 80.54787315206325, 82.40957617252431, 78.42021447039664, 78.89361905037089, 82.03191627340114, 76.06915072177318, 86.1914905791587, 85.17021479505173, 83.5957463041265, 82.71808681082219, 83.2074489187687, 81.65425653660552, 82.96276717490338, 83.0053207722116, 84.46276749955847, 82.64361791407808, 80.00532060988407, 80.63829933328832, 83.11702216939723, 80.75531923009994, 80.47340539161195, 80.18617086207612, 82.68085228128636, 80.90425653660552, 82.02127789436503, 80.56383189749211, 87.45212830888464, 86.40957609136053, 86.0691501536268, 84.87766119774352, 85.30319311263713, 85.19149106614132, 84.52659769261138, 85.32446938372672, 83.90425702358814, 83.02127821902012, 83.97872454054813], "time": ["2021-04-12T04:03:19.990860", "2021-04-12T04:05:22.047103", "2021-04-12T04:07:24.098431", "2021-04-12T04:09:26.162803", "2021-04-12T04:11:28.170717", "2021-04-12T04:13:30.276692", "2021-04-12T04:15:32.294600", "2021-04-12T04:17:34.352052", "2021-04-12T04:19:36.494561", "2021-04-12T04:21:38.693712", "2021-04-12T04:23:41.893066", "2021-04-12T04:25:45.295639", "2021-04-12T04:27:48.646452", "2021-04-12T04:29:51.892387", "2021-04-12T04:31:55.018669", "2021-04-12T04:33:57.980060", "2021-04-12T04:36:01.166825", "2021-04-12T04:38:04.080913", "2021-04-12T04:40:07.195375", "2021-04-12T04:42:10.387297", "2021-04-12T04:44:13.525478", "2021-04-12T04:46:16.602214", "2021-04-12T04:48:19.726105", "2021-04-12T04:50:22.984478", "2021-04-12T04:52:26.200383", "2021-04-12T04:54:29.261648", "2021-04-12T04:56:32.396027", "2021-04-12T04:58:35.608316", "2021-04-12T05:00:38.684897", "2021-04-12T05:02:41.708981", "2021-04-12T05:04:44.847869", "2021-04-12T05:06:47.895782", "2021-04-12T05:08:50.962709", "2021-04-12T05:10:54.075029", "2021-04-12T05:12:57.115924", "2021-04-12T05:15:00.381085", "2021-04-12T05:17:03.957535", "2021-04-12T05:19:07.518920", "2021-04-12T05:21:11.071028", "2021-04-12T05:23:14.552004", "2021-04-12T05:25:18.089218", "2021-04-12T05:27:21.228223", "2021-04-12T05:29:23.990731", "2021-04-12T05:31:26.819476", "2021-04-12T05:33:29.488033", "2021-04-12T05:35:32.193318", "2021-04-12T05:37:34.840876", "2021-04-12T05:39:37.574412", "2021-04-12T05:41:40.225363", "2021-04-12T05:43:43.065498"]}