{"train loss": [2.1660394017055005, 0.6045176411189231, 0.5231773264021121, 0.4999082735935215, 0.48485948279009505, 0.4758547584734493, 0.4680920844722146, 0.46195479324267213, 0.45953085506070623, 0.45561815854098553, 0.4485884581974768, 0.447772192190508, 0.44622623196525013, 0.4423900996583274, 0.44216870848897094, 0.4396890072695378, 0.4402585816099208, 0.4408322210242881, 0.43861374460270675, 0.43553866638836874, 0.4340842514046205, 0.4337327756689572, 0.4333022993552698, 0.4317693883018245, 0.43286896589192037, 0.4301056341436204, 0.43180282473158216, 0.4306602851486639, 0.4291690500045066, 0.4300848766231104, 0.4291498721593084, 0.42843653995725545, 0.42898187548700173, 0.42728010153188606, 0.4271587769201746, 0.4282076758132755, 0.4304332821952363, 0.4242259103479234, 0.4255970984900309, 0.42582188201613647, 0.4243416537051845, 0.42732635756085596, 0.42568257119544656, 0.425669388775793, 0.42660523156099506, 0.4236948205481593, 0.4236494015551317, 0.4261309454782055, 0.4252672935249316, 0.42494322941400675], "train acc": [38.89755959137344, 79.27071509648127, 81.621559307605, 82.44182746878548, 82.75929341657208, 83.13794693530079, 83.42348893303064, 83.53167565266742, 83.68686152099886, 83.82874574347332, 84.02028944381385, 84.11428774120319, 84.0522133938706, 84.1701546538025, 84.15862656072645, 84.28720913734392, 84.36169835414302, 84.16040011350738, 84.38475454029512, 84.4494892167991, 84.45303632236096, 84.47963961407491, 84.45747020431328, 84.5745246878547, 84.50890323496027, 84.64812712826334, 84.5904866628831, 84.70754114642452, 84.75542707150964, 84.7031072644722, 84.61442962542566, 84.63659903518729, 84.65965522133939, 84.73946509648127, 84.70842792281498, 84.66408910329172, 84.61886350737798, 84.78380391600454, 84.80242622020431, 84.69069239500567, 84.82193530079455, 84.71286180476731, 84.71640891032916, 84.72527667423383, 84.7208427922815, 84.9203674801362, 84.85119892167991, 84.74478575482406, 84.88134931895573, 84.78114358683314], "test loss": [1.0306162808803803, 0.6400339476605679, 0.5792130422084889, 0.5998554451668516, 0.6904631155602475, 0.6449079634027278, 0.6853708517044148, 0.684643992084138, 0.5019066340111672, 0.5112966508307355, 0.5109651982784271, 0.49434156906097493, 0.4890489549712932, 0.5166439068444232, 0.5351209358332005, 0.5277086401239355, 0.5579034828759254, 0.4894728549617402, 0.47672864477685156, 0.6738852154701314, 0.5017754102640963, 0.5557476497711019, 0.5190317735392996, 0.500740831202649, 0.5463734357915027, 0.5166187796820986, 0.4810412399312283, 0.5017612015313291, 0.48399624133363683, 0.5677509028860863, 0.5222090359063859, 0.5124145945970048, 0.7155669433005313, 0.677967794398044, 0.559604877487142, 0.453809825029779, 0.5340313492937291, 0.5417384419669496, 0.5005190794138198, 0.4578775367204179, 0.47553261353614484, 0.5403033035232666, 0.4982721726311014, 0.4446648980708832, 0.46260272568844735, 0.5538740830218538, 0.4607721421312779, 0.5937567955635964, 0.49607382524520793, 0.4883841856362972], "test acc": [65.57978841091725, 78.28191627340114, 80.48404474461333, 79.92553321351396, 76.92021349643139, 78.66489426633144, 77.44680915994847, 77.5851070322889, 82.90425661776928, 82.25532036639274, 82.43617167371384, 82.82978918197307, 83.36702273754364, 82.71808664849463, 81.34574614179895, 81.76595898892018, 79.85106561539021, 83.20744899993247, 83.49468190619287, 77.95744786363967, 82.89893787465196, 79.7872354223373, 81.92021365875894, 82.52659696213742, 81.72872510869452, 82.34042796682805, 83.51063886601874, 82.15425661776928, 83.44680989042241, 80.80319238216319, 82.1702143080691, 82.40425718591568, 76.85638427734375, 77.50000105512903, 80.82978804568027, 84.1702146327242, 81.23404441995824, 81.159575929033, 83.3138313293457, 84.18085228128636, 83.71276733723093, 81.32446954605427, 82.92021406457779, 84.58510833090924, 84.21276782421356, 81.00000186676675, 84.08510833090924, 79.62766046726958, 83.49468223084794, 82.38829900863323], "time": ["2021-04-12T02:21:30.294629", "2021-04-12T02:23:32.446072", "2021-04-12T02:25:34.541546", "2021-04-12T02:27:36.547947", "2021-04-12T02:29:38.684094", "2021-04-12T02:31:40.781346", "2021-04-12T02:33:42.931659", "2021-04-12T02:35:44.943450", "2021-04-12T02:37:46.974238", "2021-04-12T02:39:49.007675", "2021-04-12T02:41:51.096515", "2021-04-12T02:43:53.052749", "2021-04-12T02:45:55.044300", "2021-04-12T02:47:57.100891", "2021-04-12T02:49:59.273298", "2021-04-12T02:52:01.362921", "2021-04-12T02:54:03.521367", "2021-04-12T02:56:05.661186", "2021-04-12T02:58:07.803891", "2021-04-12T03:00:09.969573", "2021-04-12T03:02:12.083402", "2021-04-12T03:04:14.257159", "2021-04-12T03:06:16.310927", "2021-04-12T03:08:18.470888", "2021-04-12T03:10:20.552937", "2021-04-12T03:12:22.620167", "2021-04-12T03:14:24.648377", "2021-04-12T03:16:26.692264", "2021-04-12T03:18:28.782337", "2021-04-12T03:20:30.811501", "2021-04-12T03:22:33.012799", "2021-04-12T03:24:35.164234", "2021-04-12T03:26:37.357602", "2021-04-12T03:28:39.449468", "2021-04-12T03:30:41.669293", "2021-04-12T03:32:43.796555", "2021-04-12T03:34:46.007046", "2021-04-12T03:36:48.117129", "2021-04-12T03:38:50.230380", "2021-04-12T03:40:52.323120", "2021-04-12T03:42:54.538534", "2021-04-12T03:44:56.594067", "2021-04-12T03:46:58.749634", "2021-04-12T03:49:00.809179", "2021-04-12T03:51:02.989655", "2021-04-12T03:53:05.170475", "2021-04-12T03:55:07.359597", "2021-04-12T03:57:09.453234", "2021-04-12T03:59:11.573034", "2021-04-12T04:01:13.653788"]}