{"train loss": [2.5985777518688105, 2.175152415801317, 1.923845654267531, 1.5906851701247386, 1.3819031522824214, 1.2772904891234178, 1.1912142036817013, 1.1131027429531781, 1.0650172968705496, 1.0328313714418655, 1.016101195720526, 0.999897607931724, 0.985952564691886, 0.9752610712479323, 0.9616859877720857, 0.9591556403881464, 0.944915917286506, 0.9484933504691491, 0.9413913949941978, 0.9345014543105394, 0.9295865500584627, 0.9265570883567517, 0.9233106581064371, 0.9246579870199546, 0.9162695682965792, 0.9203298046038701, 0.9097372518135951, 0.9085158051588597, 0.9049014322268657, 0.9049262586312417, 0.9027960515939273, 0.894321977480864, 0.8950670609107384, 0.8958456106674977, 0.8953292476825225, 0.8952676562162546, 0.8961158329095595, 0.8886235154592074, 0.8935175337852576, 0.8887968103090922, 0.887472796592957, 0.8945740765486008, 0.8803982059160869, 0.8909799404633351, 0.8929322319153028, 0.88177692370537, 0.8887813580341828, 0.884046179209, 0.8751010355276939, 0.8861415166121263], "train acc": [9.953926282051283, 14.795673076923077, 22.159455128205128, 40.79927884615385, 50.08613782051282, 53.95633012820513, 57.443910256410255, 60.58894230769231, 62.42588141025641, 63.88621794871795, 64.2948717948718, 64.99198717948718, 65.59094551282051, 66.14182692307692, 66.41025641025641, 66.69871794871794, 67.17347756410257, 67.1514423076923, 67.23157051282051, 67.4198717948718, 67.65224358974359, 68.18910256410257, 68.11298076923077, 68.04286858974359, 68.37540064102564, 68.17107371794872, 68.46153846153847, 68.49559294871794, 68.84214743589743, 68.59975961538461, 68.86217948717949, 69.20472756410257, 69.16466346153847, 68.99238782051282, 69.0645032051282, 69.22475961538461, 68.96834935897436, 69.4130608974359, 69.22676282051282, 69.32491987179488, 69.18870192307692, 69.30288461538461, 69.38301282051282, 69.24078525641026, 69.2988782051282, 69.50721153846153, 69.30088141025641, 69.61338141025641, 69.6514423076923, 69.53525641025641], "test loss": [2.311824321746826, 2.0385969400405886, 1.971845304965973, 1.868295633792877, 1.5690914511680603, 1.3380579352378845, 1.5124874353408813, 1.2550310134887694, 1.4134174942970277, 1.3028964161872865, 1.408396100997925, 1.1763518691062926, 3.322893834114075, 1.318568503856659, 1.1561005115509033, 1.2147792100906372, 1.2962399005889893, 1.469000470638275, 2.5401244878768923, 1.2000516295433044, 1.396998977661133, 2.6087387084960936, 1.3827978014945983, 2.389503812789917, 1.5043645977973938, 1.3705695867538452, 2.1839636325836183, 1.126725172996521, 1.326161003112793, 2.1767786026000975, 1.3205692648887635, 1.3674208045005798, 1.87434720993042, 1.5482774019241332, 2.71964168548584, 1.3041850924491882, 0.9972431361675262, 1.539186668395996, 1.5177924633026123, 1.071341073513031, 1.3103743553161622, 1.7244589805603028, 1.1001307606697082, 2.627619814872742, 1.2652410507202148, 1.2342224836349487, 1.201581025123596, 1.1403560757637023, 1.1486435770988463, 3.7168938875198365], "test acc": [10.000000095367431, 16.38000020980835, 22.730000305175782, 39.03000106811523, 44.49000015258789, 52.05000038146973, 46.14000053405762, 57.94000129699707, 53.390000915527345, 54.390000915527345, 54.61000099182129, 59.85000076293945, 31.770000648498534, 54.52000122070312, 58.16000099182129, 56.2700008392334, 56.92000045776367, 51.010000228881836, 34.840000534057616, 57.6200008392334, 50.36000137329101, 38.180000686645506, 52.03000068664551, 40.79000129699707, 51.80000114440918, 53.420000839233396, 40.18000030517578, 62.41000099182129, 56.53000068664551, 40.750000381469725, 57.51000061035156, 54.670000839233396, 38.75000076293945, 49.95000076293945, 33.75000114440918, 55.10000114440918, 66.03000144958496, 50.74000091552735, 51.080000686645505, 62.27000045776367, 56.01000061035156, 52.02000122070312, 62.7, 32.62000064849853, 57.37000045776367, 58.36000022888184, 59.150000762939456, 59.20000038146973, 61.60000114440918, 28.02000026702881], "time": ["2021-04-10T08:56:44.546863", "2021-04-10T08:57:42.160515", "2021-04-10T08:58:39.666745", "2021-04-10T08:59:37.167064", "2021-04-10T09:00:34.771594", "2021-04-10T09:01:32.391960", "2021-04-10T09:02:29.911986", "2021-04-10T09:03:27.504017", "2021-04-10T09:04:25.046127", "2021-04-10T09:05:22.696941", "2021-04-10T09:06:20.305176", "2021-04-10T09:07:17.919228", "2021-04-10T09:08:15.452886", "2021-04-10T09:09:13.055185", "2021-04-10T09:10:10.586277", "2021-04-10T09:11:08.065874", "2021-04-10T09:12:05.714210", "2021-04-10T09:13:03.299721", "2021-04-10T09:14:00.871379", "2021-04-10T09:14:58.451016", "2021-04-10T09:15:56.058474", "2021-04-10T09:16:53.627098", "2021-04-10T09:17:51.145876", "2021-04-10T09:18:48.680557", "2021-04-10T09:19:46.309067", "2021-04-10T09:20:43.876938", "2021-04-10T09:21:41.406731", "2021-04-10T09:22:39.074573", "2021-04-10T09:23:36.681012", "2021-04-10T09:24:34.320271", "2021-04-10T09:25:32.034108", "2021-04-10T09:26:29.641923", "2021-04-10T09:27:27.240666", "2021-04-10T09:28:24.889436", "2021-04-10T09:29:22.499792", "2021-04-10T09:30:19.998897", "2021-04-10T09:31:17.617541", "2021-04-10T09:32:15.181778", "2021-04-10T09:33:12.871181", "2021-04-10T09:34:10.423329", "2021-04-10T09:35:08.026415", "2021-04-10T09:36:05.657276", "2021-04-10T09:37:03.033807", "2021-04-10T09:38:00.345008", "2021-04-10T09:38:57.685678", "2021-04-10T09:39:54.980180", "2021-04-10T09:40:52.826793", "2021-04-10T09:41:50.434260", "2021-04-10T09:42:48.249888", "2021-04-10T09:43:46.149132"]}