{"train loss": [1.3519814547819968, 0.8159205169249804, 0.6266231660659497, 0.5388908710999366, 0.4785138485523371, 0.44732627016611587, 0.41965017578540703, 0.4040051913414246, 0.3895973038979066, 0.3737603762975106, 0.3675906874048404, 0.35770005278098277, 0.35636608195610536, 0.3521687516417259, 0.3382537392851634, 0.33577807400471127, 0.33473888471340524, 0.3252872543075146, 0.3202100122586275, 0.31245846820947454, 0.31065357969357416, 0.308192625336158, 0.307016650109719, 0.3079132488140693, 0.3058810197007962, 0.2962007580277247, 0.294688826188063, 0.2949795656479322, 0.29477246426619014, 0.2911307826638222, 0.29114948025880716, 0.2871819881674571, 0.28562303361220237, 0.2915725194490873, 0.2842575092728321, 0.2842152209236072, 0.28476881923583836, 0.2831050935464028, 0.28385930978334867, 0.28081548697291275, 0.2800823516761645, 0.2786064034089064, 0.27498537806364204, 0.2780265279305287, 0.277481802037129, 0.2803237613577109, 0.27050903647755964, 0.2735248979467612, 0.27586200365271324, 0.27821212781545446], "train acc": [50.56290064102564, 71.2880608974359, 78.29727564102564, 81.43830128205128, 83.72195512820512, 84.63942307692308, 85.57291666666667, 86.1698717948718, 86.47435897435898, 87.16947115384616, 87.44791666666667, 87.71233974358974, 87.74639423076923, 88.01482371794872, 88.36939102564102, 88.3994391025641, 88.515625, 88.72596153846153, 88.93229166666667, 89.28485576923077, 89.31290064102564, 89.45913461538461, 89.44511217948718, 89.4951923076923, 89.53926282051282, 89.76963141025641, 89.84775641025641, 89.8457532051282, 89.90384615384616, 89.98998397435898, 89.82371794871794, 90.18429487179488, 90.16426282051282, 89.94591346153847, 90.1542467948718, 90.32051282051282, 90.10616987179488, 90.1963141025641, 90.28445512820512, 90.3545673076923, 90.26642628205128, 90.36458333333333, 90.5088141025641, 90.46274038461539, 90.4326923076923, 90.33653846153847, 90.72315705128206, 90.68309294871794, 90.59895833333333, 90.24238782051282], "test loss": [1.0395613312721252, 0.8245273649692535, 0.7657860159873963, 0.5728693664073944, 0.5634306967258453, 0.5608787119388581, 0.63208789229393, 0.5752754509449005, 0.5954309582710267, 1.0203595995903014, 0.6231570482254029, 0.6715224206447601, 0.47246630787849425, 0.5633395493030549, 0.6089703500270843, 0.8997725307941437, 0.6070838630199432, 0.555360859632492, 0.5766996383666992, 0.5505558580160141, 0.6332618415355682, 0.6493344128131866, 0.613546735048294, 0.9264493823051453, 0.7441390514373779, 0.5375584363937378, 0.72468803524971, 0.9150871694087982, 0.44460803270339966, 0.43992817103862764, 0.6402633190155029, 0.49038932025432586, 0.5850342154502869, 0.5158842206001282, 0.6601792752742768, 0.5321967601776123, 0.5767851531505584, 0.5482721984386444, 0.5367448270320893, 0.48601692318916323, 0.5106321454048157, 0.4386510789394379, 0.5511086910963059, 1.2014500498771667, 0.7070035219192505, 0.5310420960187912, 0.4810909777879715, 0.5412055671215057, 0.46195623874664304, 0.6398019969463349], "test acc": [63.26000061035156, 70.61000213623046, 72.99000091552735, 80.28000183105469, 81.08000183105469, 81.17000198364258, 78.98000030517578, 80.2400001525879, 79.35000076293946, 70.2400016784668, 78.28000183105469, 77.30000152587891, 84.24000244140625, 80.89000091552734, 79.87000122070313, 72.32000198364258, 80.20000228881835, 80.95000305175782, 80.30000152587891, 81.34000167846679, 79.08000106811524, 78.73000106811523, 80.01000213623047, 72.21000137329102, 74.43000106811523, 82.38000106811523, 76.28000106811524, 72.38000259399413, 84.87000122070313, 85.08000183105469, 78.4500015258789, 83.30000152587891, 79.57000122070312, 82.58000183105469, 78.16000061035156, 82.46000213623047, 80.67000045776368, 82.04000091552734, 82.26000061035157, 83.9900016784668, 83.4800018310547, 85.31000137329102, 81.80000076293945, 65.77000198364257, 77.9000015258789, 82.22000198364258, 84.07000045776367, 82.34000091552734, 84.17000198364258, 78.62000045776367], "time": ["2021-04-24T22:42:30.837934", "2021-04-24T22:43:59.498419", "2021-04-24T22:45:23.993535", "2021-04-24T22:46:48.559706", "2021-04-24T22:48:13.090192", "2021-04-24T22:49:37.610367", "2021-04-24T22:51:02.120814", "2021-04-24T22:52:26.713108", "2021-04-24T22:53:51.216620", "2021-04-24T22:55:15.811593", "2021-04-24T22:56:40.385903", "2021-04-24T22:58:04.966571", "2021-04-24T22:59:29.522809", "2021-04-24T23:00:53.400719", "2021-04-24T23:02:17.646970", "2021-04-24T23:03:42.123184", "2021-04-24T23:05:06.578612", "2021-04-24T23:06:31.088720", "2021-04-24T23:07:55.655192", "2021-04-24T23:09:20.146937", "2021-04-24T23:10:44.592360", "2021-04-24T23:12:09.009874", "2021-04-24T23:13:33.581277", "2021-04-24T23:14:57.999729", "2021-04-24T23:16:22.821601", "2021-04-24T23:17:47.291513", "2021-04-24T23:19:11.879229", "2021-04-24T23:20:36.424662", "2021-04-24T23:22:00.664868", "2021-04-24T23:23:24.643509", "2021-04-24T23:24:48.696586", "2021-04-24T23:26:12.742526", "2021-04-24T23:27:36.659715", "2021-04-24T23:29:00.673669", "2021-04-24T23:30:24.611638", "2021-04-24T23:31:48.586548", "2021-04-24T23:33:12.722274", "2021-04-24T23:34:36.766669", "2021-04-24T23:36:00.760118", "2021-04-24T23:37:24.742995", "2021-04-24T23:38:48.748932", "2021-04-24T23:40:12.745397", "2021-04-24T23:41:36.712037", "2021-04-24T23:43:00.709953", "2021-04-24T23:44:24.725375", "2021-04-24T23:45:48.688178", "2021-04-24T23:47:12.668296", "2021-04-24T23:48:36.685038", "2021-04-24T23:50:00.745508", "2021-04-24T23:51:24.771579"]}