{"train loss": [0.9949205981886752, 0.5260119759197538, 0.4641589583420997, 0.43797551159758574, 0.41361361753859394, 0.40103987757450604, 0.38493297703217433, 0.3772710460437954, 0.3665059606346992, 0.3565559889381238, 0.3522258865711502, 0.3448589912506833, 0.3381172646086549, 0.33241645210379234, 0.3271331883518704, 0.3234597612827779, 0.3185773565942394, 0.31201778627957444, 0.31054732316806827, 0.30585067136536664, 0.30235498487340473, 0.299545205495279, 0.2952745610786756, 0.29351982498006574, 0.29103946460835917, 0.28645295098373214, 0.2854524732955333, 0.28134393292848153, 0.2786945657599527, 0.27754218639567, 0.2755810196567475, 0.2739228645718057, 0.27110952296200186, 0.26850045579786874, 0.266279492725985, 0.2656758850806146, 0.2644152915470987, 0.2602639185533215, 0.25982628176654776, 0.2594237008240924, 0.2562564417686013, 0.2561417588040182, 0.2527074914226873, 0.2519459760368344, 0.25157197588519803, 0.24801819814658732, 0.24856822793112981, 0.24625019331660364, 0.24580238635200377, 0.24391450520676733], "train acc": [68.05122020431328, 81.41937429057889, 83.36230136208853, 84.24641742338252, 84.9691401816118, 85.4151887060159, 85.87631242905789, 86.16628830874006, 86.44118898978434, 86.93601021566401, 87.05661180476731, 87.22243898978434, 87.4538876276958, 87.5638479001135, 87.85293700340522, 87.88486095346198, 88.12872446083995, 88.3043061861521, 88.36017309875142, 88.54462258796822, 88.59960272417707, 88.69271424517594, 88.88514472190693, 88.88514472190693, 89.00131242905789, 89.11481980703746, 89.14674375709421, 89.23985527809307, 89.37287173666289, 89.47130391600454, 89.47041713961407, 89.44647417707151, 89.67526248581157, 89.73999716231555, 89.77280788876277, 89.73911038592509, 89.87035329171397, 89.99538876276958, 89.91646566401816, 90.06367054483542, 90.08406640181612, 90.14968785471055, 90.1612159477866, 90.24368615209988, 90.21264897843359, 90.33413734392735, 90.32615635641316, 90.38379682179341, 90.44498439273553, 90.38202326901249], "test loss": [0.620799423532283, 0.5567081215533805, 0.5716785179807785, 0.4569648761064448, 0.44848161587055696, 0.43482622662757303, 0.44933303556543713, 0.39209830443909827, 0.39455434901917236, 0.39987907542827283, 0.36498119666221296, 0.38581352126091084, 0.3980228127317226, 0.37816376825596426, 0.35982722868310646, 0.374597651844329, 0.338969221140476, 0.3541167270629964, 0.35795042140686767, 0.358378307933503, 0.4026960870052906, 0.36881912198472533, 0.3764301424330853, 0.3296194209697399, 0.37262766665600716, 0.3401611311004517, 0.3415119682854794, 0.3489680952848272, 0.33619938473752203, 0.3669526928916891, 0.3586791452575237, 0.35701838738106667, 0.33830154385972533, 0.3523004093068711, 0.3493189038114345, 0.35124431962662556, 0.3567662701961842, 0.352039523581241, 0.3295402577582826, 0.3484207461489008, 0.33963216112015093, 0.3383276174043087, 0.36179809906381244, 0.36490817716781127, 0.32855689462195053, 0.3454003004317588, 0.33541244648872537, 0.3470225676577142, 0.34345418690366947, 0.3459698630774275], "test acc": [78.79787363904587, 80.973404661138, 80.6968102150775, 84.32978958779194, 83.61170383209878, 84.21276782421356, 84.62766071076089, 86.12766176588993, 85.93085220012259, 85.3138313293457, 87.06383141050948, 86.25000194793051, 85.90957584786922, 86.53191635456491, 87.20212976983252, 86.39893844279837, 87.80851274855594, 87.41489499680539, 87.18617191720516, 87.11170366977123, 85.56915047828187, 86.80851291088348, 86.43085268710522, 88.20212912052236, 86.84042707402655, 87.91489524029672, 87.611703750935, 87.4787251898583, 88.07446978954559, 86.75000162327544, 87.48404352715674, 87.05851161226313, 88.30851299204726, 87.56915088410074, 87.6170216824146, 87.67553402515168, 87.55319238216319, 87.6968096469311, 88.3989377934882, 87.86702216939723, 88.09574679110912, 88.1542562931142, 87.39361815756939, 87.574470357692, 88.60106496608003, 87.85638492665392, 88.39893730650557, 87.95744786363967, 88.01063975882023, 87.90957519855905], "time": ["2021-04-11T21:39:51.677430", "2021-04-11T21:42:08.353038", "2021-04-11T21:44:24.866544", "2021-04-11T21:46:41.308539", "2021-04-11T21:48:58.050151", "2021-04-11T21:51:14.594010", "2021-04-11T21:53:31.038379", "2021-04-11T21:55:47.703920", "2021-04-11T21:58:04.511785", "2021-04-11T22:00:21.115565", "2021-04-11T22:02:37.761080", "2021-04-11T22:04:54.392475", "2021-04-11T22:07:11.064298", "2021-04-11T22:09:27.880862", "2021-04-11T22:11:44.700539", "2021-04-11T22:14:01.565224", "2021-04-11T22:16:18.480510", "2021-04-11T22:18:35.125853", "2021-04-11T22:20:51.752801", "2021-04-11T22:23:08.413802", "2021-04-11T22:25:25.184435", "2021-04-11T22:27:42.033635", "2021-04-11T22:29:58.954915", "2021-04-11T22:32:15.748779", "2021-04-11T22:34:32.480242", "2021-04-11T22:36:49.232696", "2021-04-11T22:39:06.020508", "2021-04-11T22:41:22.627624", "2021-04-11T22:43:39.297435", "2021-04-11T22:45:56.133862", "2021-04-11T22:48:12.742754", "2021-04-11T22:50:29.557076", "2021-04-11T22:52:46.085325", "2021-04-11T22:55:02.729597", "2021-04-11T22:57:19.353953", "2021-04-11T22:59:35.988774", "2021-04-11T23:01:52.851421", "2021-04-11T23:04:09.477604", "2021-04-11T23:06:26.225536", "2021-04-11T23:08:42.957554", "2021-04-11T23:10:59.642709", "2021-04-11T23:13:16.418611", "2021-04-11T23:15:33.143989", "2021-04-11T23:17:49.793568", "2021-04-11T23:20:06.578214", "2021-04-11T23:22:23.312689", "2021-04-11T23:24:40.120081", "2021-04-11T23:26:56.827353", "2021-04-11T23:29:14.016932", "2021-04-11T23:31:30.752865"]}