{"train loss": [0.6957007783225121, 0.45652830133914407, 0.43221429751490353, 0.42151465218738315, 0.41788391877181413, 0.413332726134074, 0.41052929048979325, 0.406433117139353, 0.40466013396841716, 0.4010098185665085, 0.39881140912093316, 0.39756791926201573, 0.3947544601765989, 0.39487069605021957, 0.39356369079512443, 0.39229706993641567, 0.39031120004908315, 0.3891181648623253, 0.3885180828046312, 0.3880206873549506, 0.38871334305415767, 0.38787578832819025, 0.38818938548123794, 0.383266136320847, 0.38377866735861604, 0.3854668617045568, 0.3846635674374869, 0.3851554935690223, 0.38344779781464416, 0.38216262171203513, 0.38178600266017654, 0.382780980153874, 0.3801136532212765, 0.38001394150070383, 0.3811176664002502, 0.38136553608735224, 0.38174279587222826, 0.3818193125061767, 0.3817978024347416, 0.38206737575614896, 0.3783192253681101, 0.38031910613568226, 0.3795763779173644, 0.3777509759287017, 0.3782349766214102, 0.3788235742645285, 0.3792847330332073, 0.37633655361501367, 0.3799097941391314, 0.37744539536358146], "train acc": [76.74517593643587, 84.04511918274687, 84.76074772985244, 85.04540295119183, 85.20413592508513, 85.39656640181612, 85.3894721906924, 85.53046963677639, 85.60495885357548, 85.71846623155506, 85.8399545970488, 85.8399545970488, 85.87542565266742, 85.92419835414302, 85.94016032917139, 85.97385783200907, 86.1246098183882, 86.15653376844494, 86.16717508513054, 86.12904370034052, 86.10776106696936, 86.2398907491487, 86.19289160045403, 86.32502128263337, 86.3578320090806, 86.33743615209988, 86.33034194097617, 86.31792707150964, 86.25939982973894, 86.28511634506243, 86.25851305334847, 86.26472048808172, 86.42966089670828, 86.4190195800227, 86.31526674233825, 86.38798240635641, 86.44739642451759, 86.40660471055618, 86.31526674233825, 86.42611379114642, 86.43852866061295, 86.4420757661748, 86.44828320090807, 86.46956583427922, 86.52277241770715, 86.5573566969353, 86.4651319523269, 86.57420544835415, 86.3294551645857, 86.49439557321226], "test loss": [0.6182716431769919, 0.6080544984087031, 0.5199556106582601, 0.5264028126889087, 0.4896096859840637, 0.5658337492892083, 0.532063605937552, 0.4909229059802725, 0.5507520240672091, 0.5567538573386821, 0.500548206428264, 0.5199936910512599, 0.48740964652375973, 0.4755134902735974, 0.5904102154234623, 0.594264177565879, 0.5784232039400872, 0.4856328529880402, 0.5583170056343079, 0.433756522358732, 0.47161212436696315, 0.4615687261870567, 0.4635802294979704, 0.5455652411947859, 0.5014034062623978, 0.4644770067422948, 0.5127879358986591, 0.4808963014090315, 0.5440390417550472, 0.545578751158207, 0.4414397506637776, 0.43308584265252376, 0.46359715119321293, 0.5546783627347743, 0.5152609433899534, 0.5179018650917296, 0.4645028786456331, 0.5167720726829894, 0.47862043596328574, 0.4632450862133757, 0.5004614575746211, 0.4367557237757013, 0.46658642494932134, 0.48444157775412217, 0.606269729264239, 0.5736158382385335, 0.5418982410684545, 0.48848457475926016, 0.5548644902858328, 0.4649864631764432], "test acc": [78.9521287147035, 79.16489548378803, 82.1489372253418, 81.92021471388797, 83.50000146094789, 80.68085220012259, 82.0372357469924, 82.86702273754364, 81.51063862252742, 81.36170399442632, 83.19681037740504, 82.23936316307555, 83.23404393297561, 83.82446905907165, 80.06914999129924, 79.85106553422644, 80.46808640500332, 83.34042691169901, 81.3404266682077, 85.22340506695687, 83.23936348773063, 84.10106472258872, 84.26063975882023, 81.66489467215031, 82.73936332540309, 83.93085284943277, 82.97340620324967, 83.75532036639274, 81.39893730650557, 82.25000121745657, 84.3191501536268, 84.10638517014523, 83.55319343729222, 80.67021406457779, 82.76063967765646, 82.42021471388797, 83.49468223084794, 81.86170415675386, 83.91489499680539, 83.89893746883311, 83.04787404486474, 84.96808713547726, 84.46276717490338, 83.40957633485185, 80.10638427734375, 80.40425653660552, 82.10638541363656, 83.44681013391373, 80.99468312364944, 84.39893746883311], "time": ["2021-04-24T23:54:39.359957", "2021-04-24T23:57:53.795482", "2021-04-25T00:00:59.915315", "2021-04-25T00:04:06.224955", "2021-04-25T00:07:12.399984", "2021-04-25T00:10:18.478590", "2021-04-25T00:13:24.890359", "2021-04-25T00:16:31.341235", "2021-04-25T00:19:37.789331", "2021-04-25T00:22:44.222144", "2021-04-25T00:25:50.396501", "2021-04-25T00:28:56.804856", "2021-04-25T00:32:03.371800", "2021-04-25T00:35:10.164696", "2021-04-25T00:38:16.859718", "2021-04-25T00:41:23.536692", "2021-04-25T00:44:30.260740", "2021-04-25T00:47:36.875990", "2021-04-25T00:50:43.515426", "2021-04-25T00:53:50.291858", "2021-04-25T00:56:57.259481", "2021-04-25T01:00:04.593221", "2021-04-25T01:03:11.235556", "2021-04-25T01:06:17.941244", "2021-04-25T01:09:24.857537", "2021-04-25T01:12:35.745780", "2021-04-25T01:15:42.822812", "2021-04-25T01:18:49.763870", "2021-04-25T01:21:56.588856", "2021-04-25T01:25:03.332453", "2021-04-25T01:28:10.292247", "2021-04-25T01:31:17.197556", "2021-04-25T01:34:23.869447", "2021-04-25T01:37:30.594758", "2021-04-25T01:40:37.328100", "2021-04-25T01:43:44.148654", "2021-04-25T01:46:51.012855", "2021-04-25T01:50:02.023067", "2021-04-25T01:53:08.824645", "2021-04-25T01:56:19.840606", "2021-04-25T01:59:26.669572", "2021-04-25T02:02:33.261982", "2021-04-25T02:05:39.916658", "2021-04-25T02:08:46.616482", "2021-04-25T02:11:53.211355", "2021-04-25T02:14:59.844144", "2021-04-25T02:18:06.727313", "2021-04-25T02:21:13.385320", "2021-04-25T02:24:20.058968", "2021-04-25T02:27:26.728202"]}