{"train loss": [1.968976591183589, 1.4874854356814653, 1.1983426845990695, 0.9859586119651794, 0.8516851631494669, 0.7546744153285638, 0.6725416959096224, 0.6199865827957789, 0.5754666715096205, 0.5394802674269065, 0.5065581635786937, 0.479625361928573, 0.45834213460867224, 0.4408965443571409, 0.4198940866268598, 0.4084350410562295, 0.3888783344855675, 0.37914183777876387, 0.3663112870393655, 0.3545908592450313, 0.3415783234131642, 0.33266707421877445, 0.3298019174581919, 0.3183449585850422, 0.31024024690955115, 0.3035004219183555, 0.2925142160210854, 0.2905186765469038, 0.2865633705105537, 0.2792754268225951, 0.2758018501293965, 0.26797631098291813, 0.26260411529204786, 0.25808236765173764, 0.25560048992435136, 0.2529843586568649, 0.24845408199307245, 0.24570393006388958, 0.24370951746136715, 0.2377741784334947, 0.22972498354621423, 0.23154957170287768, 0.22825074581763682, 0.22865412256274467, 0.2276341670216658, 0.22379673717495724, 0.2175799727630921, 0.21474207922434196, 0.2133189279299516, 0.2119963673253854], "train acc": [26.432291666666668, 44.899839743589745, 56.72475961538461, 64.77564102564102, 69.94991987179488, 73.89022435897436, 76.56650641025641, 78.34535256410257, 80.16826923076923, 81.39423076923077, 82.47395833333333, 83.46554487179488, 84.24479166666667, 84.82171474358974, 85.50280448717949, 85.91346153846153, 86.45833333333333, 86.93108974358974, 87.29967948717949, 87.67628205128206, 88.29326923076923, 88.44551282051282, 88.63782051282051, 89.0264423076923, 89.34895833333333, 89.41907051282051, 89.91586538461539, 89.71554487179488, 90.0, 90.29647435897436, 90.4667467948718, 90.72115384615384, 90.87540064102564, 91.08173076923077, 91.09975961538461, 91.20192307692308, 91.38621794871794, 91.5645032051282, 91.55849358974359, 91.71274038461539, 91.98717948717949, 91.90705128205128, 91.97315705128206, 92.11939102564102, 91.99719551282051, 92.2255608974359, 92.3457532051282, 92.47996794871794, 92.46995192307692, 92.67027243589743], "test loss": [1.923654019832611, 1.2707439064979553, 1.3258721113204956, 0.8800254762172699, 0.8402136981487274, 0.7260844588279725, 0.8777426481246948, 0.6559186160564423, 0.6958259880542755, 0.5302360534667969, 0.595346850156784, 0.459429070353508, 0.647502464056015, 0.45687916576862336, 0.5567154943943023, 0.45811577439308165, 0.54212846159935, 0.4216939747333527, 0.6301396191120148, 0.40444834530353546, 0.45340219140052795, 0.400747349858284, 0.5905906081199646, 0.3718317300081253, 0.49083196222782133, 0.37458194196224215, 0.445258229970932, 0.36942294538021087, 0.5209273785352707, 0.42990550994873045, 0.5799946129322052, 0.37031287550926206, 0.4693128436803818, 0.34604935348033905, 0.4482913911342621, 0.3428247690200806, 0.5076698273420334, 0.34231370985507964, 0.4627876102924347, 0.3340929239988327, 0.4472923815250397, 0.3968957781791687, 0.4583843231201172, 0.35524977147579195, 0.4486488550901413, 0.3378443390130997, 0.4358662247657776, 0.3108296811580658, 0.47393354773521423, 0.32450785040855407], "test acc": [30.450000381469728, 52.70000076293945, 54.050001525878905, 68.61000061035156, 70.47000198364258, 74.91000061035156, 69.05000152587891, 77.52000122070312, 76.13999938964844, 81.75000228881837, 79.42000198364258, 84.30000152587891, 77.56000137329102, 84.51000137329102, 80.7500015258789, 84.51000213623047, 81.82000198364258, 85.89000091552734, 79.02000122070312, 86.76000137329102, 84.52000198364257, 86.24000091552735, 80.3900016784668, 87.63000183105468, 83.86000061035156, 87.43000030517578, 85.01000061035157, 87.56000137329102, 83.28000183105469, 86.10000228881836, 81.32000122070312, 87.91000213623047, 84.21000061035156, 88.3900016784668, 84.7300018310547, 88.51000137329102, 83.2500015258789, 88.87000122070313, 85.48000030517578, 89.11000137329101, 85.39000091552734, 87.39000091552734, 85.04000091552734, 88.10000076293946, 85.55000228881836, 88.92000198364258, 85.56000061035157, 89.62000122070313, 85.6900016784668, 89.63000183105468], "time": ["2021-04-10T07:47:01.101401", "2021-04-10T07:48:24.886070", "2021-04-10T07:49:48.460417", "2021-04-10T07:51:12.121708", "2021-04-10T07:52:35.795765", "2021-04-10T07:54:09.544718", "2021-04-10T07:55:33.199097", "2021-04-10T07:56:58.697700", "2021-04-10T07:58:22.429293", "2021-04-10T07:59:46.075167", "2021-04-10T08:01:10.127764", "2021-04-10T08:02:33.750992", "2021-04-10T08:03:57.444827", "2021-04-10T08:05:21.162114", "2021-04-10T08:06:45.007937", "2021-04-10T08:08:08.744094", "2021-04-10T08:09:32.558285", "2021-04-10T08:10:56.227244", "2021-04-10T08:12:19.907332", "2021-04-10T08:13:43.686095", "2021-04-10T08:15:07.643433", "2021-04-10T08:16:33.949730", "2021-04-10T08:17:58.120223", "2021-04-10T08:19:21.833228", "2021-04-10T08:20:45.592939", "2021-04-10T08:22:09.385570", "2021-04-10T08:23:33.167682", "2021-04-10T08:24:56.961613", "2021-04-10T08:26:20.751503", "2021-04-10T08:27:44.589200", "2021-04-10T08:29:08.407803", "2021-04-10T08:30:32.241708", "2021-04-10T08:31:56.020145", "2021-04-10T08:33:19.816693", "2021-04-10T08:34:43.575202", "2021-04-10T08:36:07.517393", "2021-04-10T08:37:31.406200", "2021-04-10T08:38:55.154152", "2021-04-10T08:40:18.989508", "2021-04-10T08:41:42.718250", "2021-04-10T08:43:06.736702", "2021-04-10T08:44:30.456948", "2021-04-10T08:45:54.305791", "2021-04-10T08:47:18.079232", "2021-04-10T08:48:41.931824", "2021-04-10T08:50:05.799687", "2021-04-10T08:51:29.677735", "2021-04-10T08:52:53.541905", "2021-04-10T08:54:17.357572", "2021-04-10T08:55:41.303201"]}