{"train loss": [1.8024503209652045, 1.4486731040172087, 1.2779124658841354, 1.135761991983805, 1.0255908426566003, 0.91838764441319, 0.8320758824165051, 0.7588386920018074, 0.70048822699449, 0.652734342064613, 0.613942019144694, 0.5766209944700583, 0.5458012579343258, 0.5213812976311415, 0.5004877375486569, 0.4836845349807006, 0.45637680215713305, 0.44277417254753604, 0.4225135654211044, 0.4122566763025064, 0.39647699613601733, 0.3770830167409701, 0.36924103112556994, 0.3605795348301912, 0.3467630645785576, 0.3366394904561532, 0.3244698665080926, 0.3197788493755536, 0.30654261654768233, 0.30054207138526134, 0.291742506928933, 0.28262863904237745, 0.2725932479286805, 0.27066941677759854, 0.2604752207031617, 0.2545536635395808, 0.24835280669041168, 0.24111255634671602, 0.23939077638280698, 0.22774702001076477, 0.2185047616561254, 0.21759037606609175, 0.21196877606786213, 0.2084753638658768, 0.20205357034619037, 0.20012122730796153, 0.1994077178530204, 0.18852091569166918, 0.1837217135498157, 0.18392977411739336], "train acc": [32.946714743589745, 46.62860576923077, 53.72596153846154, 59.05849358974359, 63.29927884615385, 67.28365384615384, 70.56089743589743, 73.42147435897436, 75.61097756410257, 77.55408653846153, 78.70392628205128, 79.97796474358974, 81.29407051282051, 82.01923076923077, 82.54607371794872, 83.29126602564102, 84.04647435897436, 84.52724358974359, 85.23838141025641, 85.73517628205128, 86.30208333333333, 86.97716346153847, 87.15945512820512, 87.41586538461539, 88.0849358974359, 88.17708333333333, 88.69991987179488, 88.87419871794872, 89.31490384615384, 89.43709935897436, 89.79767628205128, 90.05008012820512, 90.48076923076923, 90.54086538461539, 90.76923076923077, 91.26201923076923, 91.30408653846153, 91.51642628205128, 91.54046474358974, 92.0693108974359, 92.421875, 92.32972756410257, 92.49198717948718, 92.66826923076923, 92.85857371794872, 92.96073717948718, 92.90665064102564, 93.37139423076923, 93.51963141025641, 93.42548076923077], "test loss": [1.8026416897773743, 1.2999488592147828, 1.240220844745636, 1.0276465594768525, 0.9866025865077972, 0.8987232565879821, 1.031442016363144, 0.7777788519859314, 1.0130475223064423, 0.6421292841434478, 0.8177490949630737, 0.63246950507164, 0.697459363937378, 0.5857348144054413, 0.7009920299053192, 0.5192209750413894, 0.5806080996990204, 0.5842271745204926, 0.5645913422107697, 0.4727175861597061, 0.5041780531406402, 0.5049674600362778, 0.5457154542207718, 0.47993934750556944, 0.6257076680660247, 0.47376743257045745, 0.536290368437767, 0.46063544452190397, 0.510065358877182, 0.43331146240234375, 0.5215070575475693, 0.41109539270401, 0.5865401268005371, 0.39450972676277163, 0.5194366902112961, 0.3898597747087479, 0.4906976938247681, 0.394208499789238, 0.46065249145030973, 0.38530912697315217, 0.541534674167633, 0.37363710403442385, 0.5112116456031799, 0.4045204371213913, 0.44621761441230773, 0.4107030600309372, 0.5159661889076232, 0.38709150850772855, 0.450636288523674, 0.3931167036294937], "test acc": [34.89000129699707, 53.080000686645505, 55.740000534057614, 63.1, 64.84000091552734, 68.24000244140625, 64.60000152587891, 72.91000137329101, 66.58000106811524, 77.83000106811524, 72.69000091552735, 78.48000106811523, 75.82000274658203, 80.25000076293945, 76.47000198364258, 82.32000045776367, 80.33000106811524, 80.50000228881837, 81.35000228881836, 83.56000061035157, 82.9000015258789, 82.88000183105468, 81.77000122070312, 84.37000198364258, 79.8, 84.27000274658204, 81.96000137329102, 84.82000045776367, 83.08000183105469, 85.68000259399415, 82.87000198364258, 86.25000305175782, 82.0400016784668, 86.75000076293945, 83.90000076293946, 87.24000244140625, 84.45000228881835, 87.28000259399414, 85.18000030517578, 87.26000061035157, 83.7300018310547, 87.58000183105469, 83.83000106811524, 87.27000198364257, 85.82000198364258, 87.44000091552735, 84.81000213623047, 87.86000061035156, 86.09000015258789, 87.57000045776367], "time": ["2021-04-12T19:47:02.073393", "2021-04-12T19:48:19.083925", "2021-04-12T19:49:36.700784", "2021-04-12T19:50:54.159168", "2021-04-12T19:52:11.608311", "2021-04-12T19:53:29.358524", "2021-04-12T19:54:47.207011", "2021-04-12T19:56:04.822041", "2021-04-12T19:57:22.612841", "2021-04-12T19:58:40.953655", "2021-04-12T19:59:58.869817", "2021-04-12T20:01:16.696131", "2021-04-12T20:02:34.614176", "2021-04-12T20:03:52.643403", "2021-04-12T20:05:10.201920", "2021-04-12T20:06:27.643505", "2021-04-12T20:07:45.550007", "2021-04-12T20:09:04.335762", "2021-04-12T20:10:22.908114", "2021-04-12T20:11:41.235272", "2021-04-12T20:12:59.276509", "2021-04-12T20:14:15.989957", "2021-04-12T20:15:34.756093", "2021-04-12T20:16:53.583549", "2021-04-12T20:18:12.045354", "2021-04-12T20:19:31.472840", "2021-04-12T20:20:50.559423", "2021-04-12T20:22:09.015593", "2021-04-12T20:23:28.196700", "2021-04-12T20:24:46.937428", "2021-04-12T20:26:05.796212", "2021-04-12T20:27:24.111793", "2021-04-12T20:28:42.294761", "2021-04-12T20:29:59.624435", "2021-04-12T20:31:17.155453", "2021-04-12T20:32:35.251348", "2021-04-12T20:33:52.954227", "2021-04-12T20:35:10.679416", "2021-04-12T20:36:28.478036", "2021-04-12T20:37:47.222901", "2021-04-12T20:39:05.040790", "2021-04-12T20:40:22.551925", "2021-04-12T20:41:40.637442", "2021-04-12T20:42:58.690914", "2021-04-12T20:44:16.437796", "2021-04-12T20:45:34.664117", "2021-04-12T20:46:52.554040", "2021-04-12T20:48:10.230888", "2021-04-12T20:49:28.280600", "2021-04-12T20:50:47.056918"]}