{"train loss": [0.7339219886991412, 0.46549067016221607, 0.42881235199537504, 0.4100307182881402, 0.40256812458141167, 0.39337685871679046, 0.3859757385919638, 0.38318174997942944, 0.380170279917192, 0.3771847559225816, 0.37730934028593016, 0.373206418367033, 0.3713408582225425, 0.3698634014599169, 0.3683313178691366, 0.3659415674500514, 0.36339549519011705, 0.36155804359141597, 0.36408541947772366, 0.3614788750074508, 0.3602111544058353, 0.35835714479242364, 0.35828179482975286, 0.3552041521949205, 0.3536249478511453, 0.35651827919023127, 0.3547152603947886, 0.3537762821667852, 0.35482444515225564, 0.3504911376317703, 0.3502390583243462, 0.35047928051902544, 0.3483533139565746, 0.3485442366996499, 0.3476139538066206, 0.3495804721766514, 0.3481563059243117, 0.34867648262780043, 0.3462154347529882, 0.3458331765672541, 0.34556532856690086, 0.34649153341297123, 0.3453280465353902, 0.3435470976197625, 0.34349676915925426, 0.34426036996346193, 0.3432545774234681, 0.3419057605756398, 0.3443240240030202, 0.3419880282797689], "train acc": [75.45402951191828, 83.53610953461975, 84.73148410896708, 85.35932179341657, 85.56860102156641, 85.94104710556186, 86.14145856980704, 86.26738081725313, 86.27536180476731, 86.39773694665153, 86.52809307604994, 86.5954880817253, 86.63805334846765, 86.65046821793416, 86.63982690124858, 86.88812429057889, 86.95108541430193, 86.98744324631102, 86.84644580022702, 86.95551929625425, 86.9546325198638, 87.1107051645857, 87.1133654937571, 87.23485385925085, 87.28717366628831, 87.13819523269012, 87.15238365493757, 87.2951546538025, 87.16302497162316, 87.38915295119183, 87.21091089670828, 87.3643232122588, 87.44768019296254, 87.37496452894437, 87.41398269012485, 87.48847190692395, 87.4512272985244, 87.40866203178207, 87.45211407491487, 87.54522559591373, 87.41132236095346, 87.5257165153235, 87.5203958569807, 87.55586691259931, 87.6817891600454, 87.68799659477867, 87.64720488081726, 87.61084704880817, 87.51862230419977, 87.55941401816118], "test loss": [0.4829327017068863, 0.4694522226110418, 0.43853612751402754, 0.4344904882476685, 0.4537786254857449, 0.5289303482847011, 0.4905659616627592, 0.44342812990888636, 0.43776852368040287, 0.4922379917920904, 0.5600482390282002, 0.48101842847276244, 0.5209431185367259, 0.4588646349754739, 0.5318770348391635, 0.5556647739511855, 0.506362886504924, 0.5378457206360837, 0.5959066279391025, 0.3546342890947423, 0.3750849464472304, 0.3751714029844771, 0.41697358007126667, 0.4475948176485427, 0.4297491876368827, 0.42058866011335494, 0.4582942546682155, 0.4753752312761672, 0.5553662792799321, 0.5714561964603181, 0.4938990124996672, 0.47075250110727673, 0.5177208676617197, 0.5222525710755206, 0.6398827059471861, 0.4920140599950831, 0.4219716337132961, 0.4850563403773815, 0.4976227086909274, 0.3562387481648871, 0.3748936713375944, 0.38173566822041854, 0.4256891624090519, 0.4265863188403718, 0.5389456200472852, 0.47405747023034606, 0.5792371364350014, 0.45802183385859147, 0.4584599777739099, 0.4859988939888934], "test acc": [82.8989372253418, 83.55319311263713, 84.39893754999689, 85.02659753028382, 84.47340506695687, 81.43085236245014, 83.0797879645165, 84.67021398341402, 84.9946823931755, 83.29787298973571, 81.44680972809488, 83.8563846831626, 82.09574565481633, 84.19680924111225, 82.05319286914582, 81.04255522058365, 83.04255513941987, 81.64361815756939, 79.86170302046106, 87.34042691169901, 86.43085268710522, 86.67553378166036, 85.34574679110912, 84.75000146094789, 84.8297891008093, 85.02659696213742, 84.39361896920711, 83.97872567684092, 81.31383068003554, 81.04787420719228, 82.8404272363541, 82.89361896920711, 81.91489515913294, 82.05851193691822, 79.1595750362315, 82.9361709432399, 85.42553361933282, 83.88829941445209, 83.19149082265001, 87.56383205981965, 86.66489540262425, 86.77659809843023, 85.14361864455203, 85.16489556495179, 82.04787355788211, 83.26595898892018, 81.14893754999689, 84.739363000748, 84.81915104642827, 83.6170233868538], "time": ["2021-04-25T02:30:43.853346", "2021-04-25T02:33:58.938098", "2021-04-25T02:37:06.235144", "2021-04-25T02:40:13.694479", "2021-04-25T02:43:21.163668", "2021-04-25T02:46:28.506620", "2021-04-25T02:49:35.926183", "2021-04-25T02:52:43.337446", "2021-04-25T02:55:50.666546", "2021-04-25T02:58:57.896348", "2021-04-25T03:02:04.967946", "2021-04-25T03:05:12.397346", "2021-04-25T03:08:19.819024", "2021-04-25T03:11:27.302461", "2021-04-25T03:14:34.768524", "2021-04-25T03:17:42.309153", "2021-04-25T03:20:49.758628", "2021-04-25T03:23:57.084645", "2021-04-25T03:27:04.784696", "2021-04-25T03:30:12.177593", "2021-04-25T03:33:19.613465", "2021-04-25T03:36:26.925240", "2021-04-25T03:39:34.336315", "2021-04-25T03:42:41.655625", "2021-04-25T03:45:49.071496", "2021-04-25T03:48:56.422574", "2021-04-25T03:52:03.708373", "2021-04-25T03:55:11.320014", "2021-04-25T03:58:18.780792", "2021-04-25T04:01:25.857872", "2021-04-25T04:04:33.300245", "2021-04-25T04:07:40.793904", "2021-04-25T04:10:48.351873", "2021-04-25T04:13:55.735680", "2021-04-25T04:17:03.354993", "2021-04-25T04:20:10.769094", "2021-04-25T04:23:18.100633", "2021-04-25T04:26:25.693037", "2021-04-25T04:29:33.107445", "2021-04-25T04:32:40.676850", "2021-04-25T04:35:47.980118", "2021-04-25T04:38:55.410731", "2021-04-25T04:42:02.938309", "2021-04-25T04:45:10.307606", "2021-04-25T04:48:17.513440", "2021-04-25T04:51:24.849129", "2021-04-25T04:54:32.165910", "2021-04-25T04:57:39.553654", "2021-04-25T05:00:46.734553", "2021-04-25T05:03:53.960621"]}