{"train loss": [2.5968597143124312, 2.313031120789357, 2.3134735657618597, 2.312118791311215, 2.3132958155411942, 2.313245624762315, 2.3137278587390213, 2.218673578592447, 1.8617238588822194, 1.6873633060699855, 1.5207965838603483, 1.327706037576382, 1.2068954143768702, 1.1126502798153803, 1.0338786606605237, 0.9939738602210314, 0.9539348399027799, 0.9240120760905437, 0.8950613873127179, 0.8819603637242929, 0.8713012074812865, 0.8585751986656434, 0.8472236391825554, 0.8423203943631588, 0.8389290569684444, 0.832238290248773, 0.8183053335318199, 0.8171617760108068, 0.8109312092646574, 0.8149366901471065, 0.8086390235485175, 0.8064541807541481, 0.8022318283716837, 0.808548075113541, 0.7974387473020799, 0.8018382533238484, 0.7942403230911647, 0.7909081109059163, 0.78741654249338, 0.7839762429396312, 0.7853484616065637, 0.7904449666157747, 0.7788842824025032, 0.7871874982729936, 0.7825044531852771, 0.7826746326226455, 0.7822339150385978, 0.7726758587054717, 0.7717064349315106, 0.7752845243001596], "train acc": [9.889823717948717, 9.773637820512821, 10.026041666666666, 9.953926282051283, 10.14423076923077, 10.292467948717949, 9.821714743589743, 13.467548076923077, 28.197115384615383, 36.46434294871795, 43.75801282051282, 52.04927884615385, 56.89503205128205, 60.46274038461539, 63.828125, 65.12419871794872, 66.77083333333333, 68.01482371794872, 68.85616987179488, 69.49719551282051, 69.90584935897436, 70.5068108974359, 71.0136217948718, 71.00360576923077, 71.10176282051282, 71.42628205128206, 71.875, 71.8389423076923, 72.16346153846153, 71.96915064102564, 72.24358974358974, 72.00721153846153, 72.3056891025641, 72.19350961538461, 72.36778846153847, 72.44991987179488, 72.64823717948718, 72.7724358974359, 72.52804487179488, 72.95472756410257, 73.0849358974359, 72.82652243589743, 73.21915064102564, 72.97275641025641, 73.13100961538461, 73.07291666666667, 73.17307692307692, 73.69791666666667, 73.26522435897436, 73.31330128205128], "test loss": [2.311359667778015, 2.3050389528274535, 2.3134968280792236, 2.3082041501998902, 2.3130786418914795, 2.307781982421875, 2.3191751718521116, 2.0244195580482485, 2.0714273929595945, 1.6255557060241699, 2.2841713190078736, 1.303193747997284, 1.3237061262130738, 0.9513151526451111, 2.0266321301460266, 0.9629461824893951, 3.6691617488861086, 0.9367919981479644, 1.8533658623695373, 0.8012788772583008, 1.5202072381973266, 1.0566872239112854, 2.090855860710144, 0.7417369484901428, 1.452879214286804, 0.9127038538455963, 1.3639480829238892, 0.7210618853569031, 2.557936668395996, 0.7125712692737579, 1.2206883192062379, 0.8988390684127807, 3.520579528808594, 0.8181817054748535, 1.7311424255371093, 0.7568494081497192, 1.4832394003868103, 0.6655608832836151, 1.1216113805770873, 0.8171795070171356, 1.2587977290153503, 0.873409104347229, 1.0818497657775878, 0.8622858047485351, 1.3653143763542175, 0.7444410204887391, 1.4135339379310607, 0.7393170297145844, 1.4565669417381286, 1.1097576141357421], "test acc": [10.000000095367431, 10.000000190734863, 10.000000190734863, 10.000000190734863, 10.000000286102296, 10.000000190734863, 10.000000190734863, 22.820000457763673, 23.310000228881837, 40.28000068664551, 36.28000068664551, 52.94000053405762, 51.95000076293945, 66.33000106811524, 39.74000015258789, 66.25000190734863, 32.70000076293945, 66.6400016784668, 48.25000152587891, 72.20000076293945, 55.04000053405762, 65.59000167846679, 44.20000114440918, 74.7900016784668, 53.56000099182129, 68.95000076293945, 56.19000091552734, 74.85000152587891, 40.990000534057614, 75.56000289916992, 59.64000053405762, 69.28000183105469, 40.130000305175784, 72.08000106811524, 54.140000915527345, 74.43000183105468, 51.21000099182129, 77.32000045776367, 62.67000122070313, 72.78000106811524, 57.07000045776367, 70.10000152587891, 63.66000137329102, 71.5400016784668, 52.13000068664551, 74.28000259399414, 52.45000038146973, 75.2400016784668, 53.62000007629395, 65.65000228881836], "time": ["2021-04-11T15:53:28.330776", "2021-04-11T15:54:24.658480", "2021-04-11T15:55:21.120811", "2021-04-11T15:56:17.593302", "2021-04-11T15:57:14.076053", "2021-04-11T15:58:10.479489", "2021-04-11T15:59:06.921183", "2021-04-11T16:00:03.397086", "2021-04-11T16:00:59.884857", "2021-04-11T16:01:56.353150", "2021-04-11T16:02:52.916197", "2021-04-11T16:03:49.252271", "2021-04-11T16:04:45.580508", "2021-04-11T16:05:42.045927", "2021-04-11T16:06:38.410502", "2021-04-11T16:07:34.901333", "2021-04-11T16:08:31.265411", "2021-04-11T16:09:27.765073", "2021-04-11T16:10:24.284187", "2021-04-11T16:11:20.705590", "2021-04-11T16:12:17.152040", "2021-04-11T16:13:13.668681", "2021-04-11T16:14:10.235047", "2021-04-11T16:15:06.781512", "2021-04-11T16:16:03.253343", "2021-04-11T16:16:59.665311", "2021-04-11T16:17:56.095351", "2021-04-11T16:18:52.637142", "2021-04-11T16:19:49.147151", "2021-04-11T16:20:45.628436", "2021-04-11T16:21:42.142672", "2021-04-11T16:22:38.550827", "2021-04-11T16:23:35.058717", "2021-04-11T16:24:31.644098", "2021-04-11T16:25:28.175421", "2021-04-11T16:26:24.741853", "2021-04-11T16:27:21.266431", "2021-04-11T16:28:17.867000", "2021-04-11T16:29:14.376651", "2021-04-11T16:30:10.817433", "2021-04-11T16:31:07.272832", "2021-04-11T16:32:03.706860", "2021-04-11T16:33:00.145360", "2021-04-11T16:33:56.603333", "2021-04-11T16:34:53.029760", "2021-04-11T16:35:49.521323", "2021-04-11T16:36:45.922991", "2021-04-11T16:37:42.437805", "2021-04-11T16:38:38.973419", "2021-04-11T16:39:35.571630"]}