{"train loss": [0.9074440490577061, 0.4632476165670813, 0.41203835180344295, 0.38275148693332606, 0.36990721988894476, 0.35463857528976633, 0.3461181457650242, 0.33755114471601166, 0.3303605549959265, 0.3246404540795879, 0.32134132625093254, 0.31357108173251286, 0.3095762049028741, 0.3066871676352996, 0.3034241111541038, 0.29841138314240095, 0.29746924059953916, 0.2917723276575226, 0.2921923438211846, 0.2896181985600582, 0.28974621013128254, 0.28536012998774696, 0.28262657250164586, 0.28036753161811395, 0.27755969706986194, 0.2772057328233654, 0.2747285666280383, 0.273683659064242, 0.2715169461475734, 0.2678667163554575, 0.2687276515614973], "train acc": [71.10705164585698, 83.68420119182747, 85.08619466515323, 86.12993047673099, 86.54050794551645, 87.07434733257662, 87.38826617480136, 87.70041146424518, 87.94870885357548, 88.15178064699205, 88.2120814415437, 88.43377553916005, 88.59250851305335, 88.6962613507378, 88.77873155505108, 89.02791572077184, 89.0855561861521, 89.2008371169126, 89.16979994324632, 89.26468501702611, 89.27177922814982, 89.37730561861521, 89.53071793416572, 89.5670757661748, 89.70718643586834, 89.60875425652668, 89.72669551645858, 89.79941118047672, 89.92888053348467, 89.98563422247446, 89.84641032917139], "test loss": [0.5185458314545611, 0.479189359127207, 0.4329339884063031, 0.38815734868353985, 0.4089860415205042, 0.42459066180472677, 0.374534176385149, 0.3838961159295224, 0.4068046808242798, 0.36023044681295435, 0.36784455497214136, 0.3696001609589191, 0.3650696163481854, 0.4128177004291656, 0.3596685899698988, 0.43148817090277974, 0.377199021742699, 0.38343446020116195, 0.42032021315807994, 0.3184702954393752, 0.3294093605685741, 0.3337070881686312, 0.40601190861235276, 0.36605967200816947, 0.3641208866809277, 0.3448655963578123, 0.36403266388051053, 0.42988302447694415, 0.3946848663877934, 0.4170215576887131, 0.4228499582473268], "test acc": [81.97340547277572, 82.75532052872029, 84.22872502753076, 86.21276758072224, 85.40425661776928, 84.95212895819482, 86.69149106614132, 86.53723590931993, 85.81915072177318, 87.23936365005818, 86.87234091251455, 86.87766192821746, 87.02127821902012, 85.42021495737929, 87.28191659805623, 84.6648961330982, 86.9361715113863, 86.67553378166036, 85.25532036639274, 88.59574557365255, 88.26595923241149, 88.19149155312397, 85.87234196764358, 87.15425702358814, 87.223404661138, 87.6968102150775, 87.26063910951005, 85.39361823873317, 86.48404320250167, 85.80851258622839, 85.30851177459067], "time": ["2021-04-25T17:19:28.448222", "2021-04-25T17:27:13.558516", "2021-04-25T17:34:48.657795", "2021-04-25T17:42:26.083484", "2021-04-25T17:49:57.889286", "2021-04-25T17:57:32.470452", "2021-04-25T18:05:04.770240", "2021-04-25T18:12:57.235787", "2021-04-25T18:20:46.539024", "2021-04-25T18:28:42.720225", "2021-04-25T18:36:33.873789", "2021-04-25T18:44:22.405932", "2021-04-25T18:52:17.572300", "2021-04-25T19:00:08.673466", "2021-04-25T19:07:58.696674", "2021-04-25T19:15:57.107547", "2021-04-25T19:23:54.354710", "2021-04-25T19:31:51.577116", "2021-04-25T19:39:48.798731", "2021-04-25T19:47:33.881172", "2021-04-25T19:55:09.321500", "2021-04-25T20:02:46.184732", "2021-04-25T20:10:25.349681", "2021-04-25T20:18:03.414039", "2021-04-25T20:25:42.468518", "2021-04-25T20:33:20.785556", "2021-04-25T20:41:02.433854", "2021-04-25T20:48:38.975598", "2021-04-25T20:56:22.861596", "2021-04-25T21:04:18.750306", "2021-04-25T21:12:16.878748"]}