{"train loss": [4.656784260584196, 3.971493350255232, 3.972070076138153, 3.9725103873535397, 3.971932688040847, 3.9772951475743135, 3.974950999055358, 3.9761804270554886, 3.975216011183757, 3.977680875007465, 3.9709450494958918, 3.9740922091091124, 3.973217746862353, 3.9692312158331293, 3.9771630810013425, 3.9731960927181698, 3.9745378080209997, 3.9767189707848054, 3.973002689515286, 3.971191412203699, 3.973733644885995, 3.9744378551587074, 3.9721833820646113, 3.9713600526197004, 3.977717864797551, 3.9684993914930016, 3.9716648901226033, 3.9727383000896683, 4.897489514442903, 3.9690263674559576, 3.966966081558643, 3.970497071810667, 3.9756431511934176, 3.9718274542476206, 3.972595705212042, 3.969269014785022, 3.9778250776544195, 3.9736341258318553, 3.9758414109908764, 3.9698483789684285, 3.9787328164775038, 3.9736609185594434, 7.9782140555365535, 3.970187206679657, 3.9750436302211036, 3.9732271204200424, 3.9713733293682707, 3.976971967536935, 3.9761928104786, 3.972388585769359], "train acc": [2.2240351872871735, 2.1601872871736663, 2.1752624858115777, 2.1530930760499434, 2.1318104426787743, 2.147772417707151, 2.1167352440408624, 2.12294267877412, 2.1025468217934167, 2.0910187287173665, 2.1043203745743475, 2.1814699205448354, 2.1043203745743475, 2.047566685584563, 2.030717934165721, 2.167281498297389, 2.129150113507378, 2.07505675368899, 2.1530930760499434, 2.0856980703745744, 2.1841302497162314, 2.0183030646992055, 2.053774120317821, 2.0484534619750283, 2.110527809307605, 2.0351518161180477, 2.136244324631101, 2.066188989784336, 2.1655079455164588, 2.14599886492622, 2.20363933030647, 2.0998864926220207, 2.0723964245175934, 2.0830377412031784, 2.0741699772985243, 2.124716231555051, 2.1575269580022702, 2.161960839954597, 2.1566401816118046, 2.129150113507378, 2.1699418274687856, 2.1282633371169126, 2.1442253121452897, 2.0865848467650396, 2.1566401816118046, 2.0413592508513054, 2.141564982973893, 2.1912244608399547, 2.091905505107832, 2.0768303064699207], "test loss": [3.9540444967594555, 3.952955867381806, 3.9923994896259716, 3.9799628257751465, 3.962573840263042, 4.007953940553868, 4.006440778996082, 4.003594398498535, 3.952545125433739, 3.913289174120477, 3.9613515544444957, 3.9632707250879164, 4.012292397783158, 3.9424106212372476, 4.0036708471622875, 3.929351793958786, 3.9577467669831945, 3.9298176892260286, 3.9618083796602614, 3.9628754904929626, 3.9845601066629937, 3.955508901717815, 4.053936877149217, 3.977535902185643, 4.016006386026423, 3.9545852351695934, 3.9423593105153834, 3.95374215156474, 4.008969578337162, 4.1526814369445155, 4.094605590434784, 4.021180206156791, 4.023395814794175, 3.9831733754340637, 3.9703903172878507, 3.951392095139686, 3.934992569558164, 3.994580235887081, 3.952018920411455, 3.985083930035855, 3.9434721799606973, 3.9731865563291184, 3.9847994256526866, 3.932780073044148, 3.959497279309212, 3.9662881252613476, 3.9758441524302706, 3.944714723749364, 3.9985073272218097, 3.975075346358279], "test acc": [2.127659613781787, 2.1276596201227065, 2.1276596188545227, 2.127659615049971, 2.1276596251954425, 2.1276596188545227, 2.127659612513603, 2.1276595909544764, 2.1276595789067287, 2.127659612513603, 2.1276596226590745, 2.1276596226590745, 2.1276596239272583, 2.1276596074408674, 2.1276596036363156, 2.127659615049971, 2.12765962773181, 2.1276596074408674, 2.127659589686292, 2.1276596201227065, 2.1276596036363156, 2.127659615684063, 2.1276596251954425, 2.127659613781787, 2.127659612513603, 2.127659611245419, 2.127659593490844, 2.127659589686292, 2.127659646754569, 2.1276596239272583, 2.1329787373542786, 2.127659589686292, 2.1223404331410185, 2.1276596074408674, 2.1276596074408674, 2.1276596239272583, 2.1276596201227065, 2.1276596036363156, 2.1329787576452213, 2.127659596027212, 2.1276596251954425, 2.1276596036363156, 2.127659589686292, 2.1276596239272583, 2.12765962773181, 2.1276596074408674, 2.127659611245419, 2.1276596251954425, 2.127659611245419, 2.127659615684063], "time": ["2021-04-10T02:48:16.327893", "2021-04-10T02:50:33.559866", "2021-04-10T02:52:50.656994", "2021-04-10T02:55:07.779151", "2021-04-10T02:57:25.049686", "2021-04-10T02:59:44.087425", "2021-04-10T03:02:01.304663", "2021-04-10T03:04:18.832340", "2021-04-10T03:06:42.108583", "2021-04-10T03:08:59.567556", "2021-04-10T03:11:17.292157", "2021-04-10T03:13:34.619130", "2021-04-10T03:15:51.870934", "2021-04-10T03:18:09.333197", "2021-04-10T03:20:26.684170", "2021-04-10T03:22:44.646058", "2021-04-10T03:25:03.683367", "2021-04-10T03:27:21.167269", "2021-04-10T03:29:38.683736", "2021-04-10T03:32:00.853313", "2021-04-10T03:34:18.213113", "2021-04-10T03:36:35.465132", "2021-04-10T03:38:52.890905", "2021-04-10T03:41:11.109651", "2021-04-10T03:43:28.111440", "2021-04-10T03:45:45.404544", "2021-04-10T03:48:02.699938", "2021-04-10T03:50:21.041997", "2021-04-10T03:52:38.469150", "2021-04-10T03:54:55.948665", "2021-04-10T03:57:17.639638", "2021-04-10T03:59:34.940839", "2021-04-10T04:01:52.684185", "2021-04-10T04:04:10.155615", "2021-04-10T04:06:28.868425", "2021-04-10T04:08:46.293101", "2021-04-10T04:11:03.665996", "2021-04-10T04:13:21.146790", "2021-04-10T04:15:38.592550", "2021-04-10T04:17:56.580798", "2021-04-10T04:20:13.955611", "2021-04-10T04:22:32.216371", "2021-04-10T04:24:49.620952", "2021-04-10T04:27:07.081006", "2021-04-10T04:29:24.456271", "2021-04-10T04:31:41.859977", "2021-04-10T04:33:59.228720", "2021-04-10T04:36:17.384132", "2021-04-10T04:38:34.832213", "2021-04-10T04:40:52.284968"]}