{"train loss": [1.3773709689959501, 0.8499600387536562, 0.649669675490795, 0.553384346763293, 0.4850031175674536, 0.44614081673133066, 0.4022594738083008, 0.37860273160995583, 0.3539628602373294, 0.33187259596127733, 0.3167013746423599, 0.29604501414757506, 0.2916621377070745, 0.2781180196656631, 0.2738199011637614, 0.2663558672827024, 0.26006826777488756, 0.2554420620011978, 0.24885744288181647, 0.24583871849836447, 0.24377950236965448, 0.2425722259741563, 0.23569920412622966, 0.23444975094917492, 0.22925970149345887, 0.22966693326448784, 0.22159978231558433, 0.22863475179825074, 0.22343468314562087, 0.21935719412106733, 0.21632146287040832, 0.21740705382365447, 0.20508755631744863, 0.2125316685017867, 0.2068787388312511, 0.20825738503764837, 0.203059137526613, 0.2050898455656492, 0.20318744339239903, 0.19817218825412103, 0.20314339455694724, 0.19629542756921206, 0.1955170990087283, 0.19127116539539435, 0.19375860948020068, 0.19384203796776442, 0.1885603558176603, 0.19077541298973255, 0.1897929382056762, 0.18779449705512097], "train acc": [49.61538461538461, 70.02003205128206, 77.51602564102564, 81.11177884615384, 83.31129807692308, 84.53725961538461, 86.14583333333333, 86.96714743589743, 87.82652243589743, 88.56570512820512, 89.18469551282051, 89.81370192307692, 89.91586538461539, 90.49078525641026, 90.41466346153847, 90.98758012820512, 91.10777243589743, 91.28205128205128, 91.4423076923077, 91.5985576923077, 91.47035256410257, 91.58253205128206, 91.82892628205128, 91.82491987179488, 91.9911858974359, 92.11939102564102, 92.3818108974359, 92.04727564102564, 92.36177884615384, 92.36979166666667, 92.46794871794872, 92.41386217948718, 93.03285256410257, 92.71033653846153, 92.82251602564102, 92.88661858974359, 93.03285256410257, 92.96274038461539, 93.1630608974359, 93.23317307692308, 93.02283653846153, 93.32732371794872, 93.34535256410257, 93.4354967948718, 93.33934294871794, 93.28725961538461, 93.5136217948718, 93.4795673076923, 93.3994391025641, 93.515625], "test loss": [1.256425642967224, 0.6878047525882721, 1.2064188957214355, 0.5476503014564514, 0.7555689811706543, 0.4076049566268921, 0.5907660961151123, 0.42732299864292145, 0.6360193371772767, 0.3547392964363098, 0.5076139867305756, 0.3441446989774704, 0.45954940021038054, 0.3057479798793793, 0.4796727329492569, 0.3512310892343521, 0.5067133992910385, 0.31452574729919436, 0.44644657969474794, 0.3092569649219513, 0.5488810181617737, 0.30996720790863036, 0.4290843099355698, 0.31456868052482606, 0.4835533142089844, 0.31859530210494996, 0.7806228995323181, 0.460711732506752, 0.4578084647655487, 0.3408735603094101, 0.5667695283889771, 0.26946766674518585, 0.4703994572162628, 0.2638993769884109, 0.5587006866931915, 0.31975406110286714, 0.38694349527359007, 0.27239276468753815, 0.5495560884475708, 0.2587105706334114, 0.7517866730690003, 0.30294561982154844, 0.44919379651546476, 0.2850880712270737, 0.4798343271017075, 0.26598820090293884, 0.4341279357671738, 0.27356079816818235, 0.5631178617477417, 0.32610769271850587], "test acc": [55.740000534057614, 75.86000061035156, 62.52000122070312, 81.15000228881836, 73.97000198364258, 86.34000244140626, 79.67000198364258, 85.31000289916992, 79.24000244140625, 88.07000198364258, 82.53000183105469, 88.42000198364258, 84.80000228881836, 89.87000122070313, 83.88000106811523, 88.19000244140625, 83.1900016784668, 88.95000228881835, 85.26000137329102, 89.44000091552735, 81.82000198364258, 89.30000076293945, 85.2099998474121, 89.38000183105468, 83.14000091552734, 89.4500015258789, 78.0400016784668, 85.34000091552734, 84.83000183105469, 88.65000076293946, 80.68000183105468, 91.07000198364258, 84.65000228881836, 91.28000106811524, 81.86000137329101, 89.66000137329101, 87.17000274658203, 91.19000091552735, 82.26999969482422, 91.5000015258789, 77.39000244140625, 90.38000106811523, 85.11000137329101, 90.57000122070312, 84.81000213623047, 91.28000106811524, 85.63000106811523, 91.15000076293946, 82.08000183105469, 89.36000137329101], "time": ["2021-04-25T00:30:26.861014", "2021-04-25T00:31:54.261937", "2021-04-25T00:33:18.136070", "2021-04-25T00:34:41.989804", "2021-04-25T00:36:05.842791", "2021-04-25T00:37:29.654810", "2021-04-25T00:38:53.481219", "2021-04-25T00:40:17.310385", "2021-04-25T00:41:41.136829", "2021-04-25T00:43:04.978370", "2021-04-25T00:44:29.077004", "2021-04-25T00:45:52.971834", "2021-04-25T00:47:16.792296", "2021-04-25T00:48:40.621943", "2021-04-25T00:50:04.497467", "2021-04-25T00:51:28.297578", "2021-04-25T00:52:52.208796", "2021-04-25T00:54:16.003223", "2021-04-25T00:55:39.815848", "2021-04-25T00:57:03.544635", "2021-04-25T00:58:27.296326", "2021-04-25T00:59:51.214123", "2021-04-25T01:01:14.639494", "2021-04-25T01:02:38.500961", "2021-04-25T01:04:02.342115", "2021-04-25T01:05:26.081243", "2021-04-25T01:06:49.902863", "2021-04-25T01:08:13.778197", "2021-04-25T01:09:37.657102", "2021-04-25T01:11:01.474553", "2021-04-25T01:12:25.368064", "2021-04-25T01:13:49.289320", "2021-04-25T01:15:13.205408", "2021-04-25T01:16:37.059938", "2021-04-25T01:18:00.925766", "2021-04-25T01:19:24.844416", "2021-04-25T01:20:48.670468", "2021-04-25T01:22:12.570266", "2021-04-25T01:23:36.331158", "2021-04-25T01:25:00.167236", "2021-04-25T01:26:23.970374", "2021-04-25T01:27:47.743546", "2021-04-25T01:29:11.551238", "2021-04-25T01:30:35.347156", "2021-04-25T01:31:59.136823", "2021-04-25T01:33:22.623428", "2021-04-25T01:34:46.015955", "2021-04-25T01:36:09.376928", "2021-04-25T01:37:32.716685", "2021-04-25T01:38:56.130743"]}