{"train loss": [2.386462806432675, 1.8944242703608978, 1.5580560085101005, 1.2522958604189065, 1.0443035891422858, 0.9026878572427309, 0.7839847444723814, 0.70030886110587, 0.6488235627993559, 0.6075885681769787, 0.567298732048426, 0.5411724183039788, 0.5179400773384633, 0.5026341303800925, 0.48652494465693447, 0.4742514945757695, 0.4566436583797137, 0.45606842782252877, 0.43825033895480325, 0.42780289076841793, 0.4172927489647498, 0.4112646457858575, 0.4050845735730269, 0.39910090863704684, 0.3939842448784755, 0.38768463535950737, 0.37819028813869526, 0.37595237894700123, 0.3715057869370167, 0.36399138569831846, 0.35843891765062624, 0.3552091652384171, 0.3489732607434958, 0.35412617868337876, 0.3435008507890579, 0.3457991267244021, 0.33918225516875583, 0.3376684676760282, 0.3356790571640699, 0.3381058508386979, 0.32831954142222036, 0.33206152824255136, 0.32641699600678226, 0.3267251583246084, 0.3185825757873364, 0.31997570315232643, 0.3190782921436505, 0.3153943197849469, 0.3072376209573868, 0.31147234745514696], "train acc": [11.388221153846153, 25.34455128205128, 40.7411858974359, 54.48717948717949, 62.70032051282051, 68.27724358974359, 72.79647435897436, 75.83934294871794, 77.6582532051282, 79.24479166666667, 80.55288461538461, 81.50841346153847, 82.11939102564102, 82.83253205128206, 83.33333333333333, 83.88421474358974, 84.29086538461539, 84.4110576923077, 85.05208333333333, 85.49679487179488, 85.56089743589743, 86.00160256410257, 86.18990384615384, 86.36017628205128, 86.38822115384616, 86.82692307692308, 86.97516025641026, 87.1895032051282, 87.2295673076923, 87.56410256410257, 87.78044871794872, 87.86858974358974, 88.0829326923077, 87.73838141025641, 88.2391826923077, 88.29326923076923, 88.44951923076923, 88.37540064102564, 88.49759615384616, 88.21915064102564, 88.73998397435898, 88.59375, 88.89823717948718, 88.77003205128206, 89.21875, 89.13661858974359, 89.07852564102564, 89.14463141025641, 89.54927884615384, 89.2988782051282], "test loss": [2.1433678150177, 1.7186043739318848, 1.3883280038833619, 1.1331239700317384, 1.1586329698562623, 0.8661295771598816, 1.0032047986984254, 0.6515584647655487, 0.8034244656562806, 0.5731949031352996, 0.722004497051239, 0.5398380815982818, 1.164602565765381, 0.49213513135910036, 0.6460010528564453, 0.510916069149971, 0.6618519127368927, 0.45044042468070983, 0.7941969394683838, 0.43049203753471377, 0.8524188339710236, 0.38265185952186587, 0.6064752697944641, 0.5220795392990112, 0.7099939525127411, 0.4009618371725082, 0.9412170469760894, 0.41401357650756837, 0.5288696706295013, 0.3658154487609863, 0.6411044239997864, 0.4393817514181137, 0.578172892332077, 0.34788272678852084, 0.6559228956699371, 0.3723169296979904, 0.618727296590805, 0.34910363852977755, 0.7058238565921784, 0.41908648908138274, 0.700864577293396, 0.3935688644647598, 0.5121260493993759, 0.34081998467445374, 0.6643391847610474, 0.3871624797582626, 0.5061604052782058, 0.3740250736474991, 0.5870358288288117, 0.37914403676986697], "test acc": [18.170000267028808, 32.92000122070313, 49.22000007629394, 60.51000061035156, 58.55000038146973, 69.25000076293945, 66.30000305175781, 77.56999969482422, 71.66000061035156, 80.50000076293945, 75.42000122070313, 81.35000076293946, 63.509999465942386, 83.27000198364257, 78.07000198364258, 82.83000183105469, 78.2300018310547, 84.80000228881836, 73.92000122070313, 85.37000274658203, 72.62000198364258, 87.09000167846679, 79.83000259399414, 83.05000152587891, 77.21000061035156, 86.4900016784668, 71.34000244140626, 85.93000183105468, 82.01000137329102, 87.45000076293945, 79.46000213623047, 85.46000289916992, 81.05000228881836, 88.25000076293945, 78.05000228881836, 87.27000122070312, 79.63000183105468, 88.41000137329101, 77.40000228881836, 86.62000198364258, 76.03000106811524, 86.99000091552735, 82.94000091552735, 88.2900001525879, 78.37000122070313, 87.18000106811523, 82.83000030517579, 87.85000152587891, 80.03000106811524, 87.2900016784668], "time": ["2021-04-12T06:32:22.517199", "2021-04-12T06:33:20.040462", "2021-04-12T06:34:17.844066", "2021-04-12T06:35:15.759944", "2021-04-12T06:36:13.527760", "2021-04-12T06:37:11.415925", "2021-04-12T06:38:09.367320", "2021-04-12T06:39:07.273257", "2021-04-12T06:40:05.025428", "2021-04-12T06:41:02.825435", "2021-04-12T06:42:00.606688", "2021-04-12T06:42:58.373155", "2021-04-12T06:43:56.093441", "2021-04-12T06:44:53.897198", "2021-04-12T06:45:51.636870", "2021-04-12T06:46:49.552139", "2021-04-12T06:47:47.430630", "2021-04-12T06:48:45.322031", "2021-04-12T06:49:43.277449", "2021-04-12T06:50:41.113277", "2021-04-12T06:51:38.874957", "2021-04-12T06:52:36.632623", "2021-04-12T06:53:34.355385", "2021-04-12T06:54:32.347708", "2021-04-12T06:55:30.224444", "2021-04-12T06:56:28.140614", "2021-04-12T06:57:25.987827", "2021-04-12T06:58:23.876123", "2021-04-12T06:59:21.656165", "2021-04-12T07:00:19.536660", "2021-04-12T07:01:17.465627", "2021-04-12T07:02:15.378572", "2021-04-12T07:03:13.231618", "2021-04-12T07:04:11.189993", "2021-04-12T07:05:09.198467", "2021-04-12T07:06:07.016729", "2021-04-12T07:07:04.886820", "2021-04-12T07:08:02.939438", "2021-04-12T07:09:00.904983", "2021-04-12T07:09:58.853948", "2021-04-12T07:10:56.841776", "2021-04-12T07:11:54.849648", "2021-04-12T07:12:52.705734", "2021-04-12T07:13:50.593915", "2021-04-12T07:14:48.409636", "2021-04-12T07:15:46.351727", "2021-04-12T07:16:44.292532", "2021-04-12T07:17:42.113420", "2021-04-12T07:18:39.886328", "2021-04-12T07:19:37.701842"]}