{"train loss": [0.8504453312931213, 0.447893869338999, 0.40566612281133585, 0.3857274035353395, 0.37350405226636013, 0.362382763191195, 0.35531062790944273, 0.34913904115845207, 0.3464642210729276, 0.34195917548778787, 0.33908729179086805, 0.33417619717445873, 0.330786808750145, 0.32888618209711135, 0.3258885493106658, 0.32172516204848056, 0.31962352950510725, 0.31576122441640914, 0.31548525675471606, 0.31330973413962104, 0.31238818004575136, 0.3090592700730117, 0.30812518283403423, 0.3047343827403498, 0.30293057902920123, 0.30102618826842875, 0.3002374518100303, 0.2994164905503443, 0.29711204408652125, 0.2956363592089643, 0.29501228648471506, 0.2943883719901627, 0.2906134482578847, 0.29104735975435997, 0.2895433296376541, 0.28989530267631564, 0.2892613269718497, 0.28669058528985664, 0.28504538837985205, 0.28507240576654774, 0.2858976207580523, 0.2849885534820708, 0.28358055637656765, 0.2826139491799876, 0.2818713231301876, 0.28116852069584386, 0.279741709529677, 0.2786324043651444, 0.28049120325574, 0.2792159928670671], "train acc": [72.66334421112373, 84.21183314415437, 85.44267877412032, 86.06608257661748, 86.51213110102157, 86.86063422247446, 87.16213819523269, 87.27919267877412, 87.48403802497162, 87.5975454029512, 87.69420402951192, 87.83874858115777, 87.92121878547105, 87.98861379114642, 88.06132945516458, 88.23425085130533, 88.32913592508513, 88.47279370034052, 88.47900113507377, 88.42756810442678, 88.50737797956867, 88.62886634506243, 88.69271424517594, 88.79646708286039, 88.88869182746879, 88.97382236095346, 88.91174801362088, 88.97116203178207, 89.01993473325766, 89.07225454029512, 88.9702752553916, 89.11304625425653, 89.241628830874, 89.25847758229285, 89.19285612939841, 89.1981767877412, 89.26911889897843, 89.38173950056753, 89.48017167990919, 89.46066259931895, 89.35513620885358, 89.49702043132804, 89.51386918274687, 89.48105845629966, 89.50766174801362, 89.59633938706015, 89.51298240635641, 89.58747162315551, 89.55111379114642, 89.62028234960272], "test loss": [0.6009801258432105, 0.5025686310960892, 0.4627289207691842, 0.4094463114408737, 0.4220930280837607, 0.43728555580402945, 0.4023434123460283, 0.39665125849399163, 0.4091671622814016, 0.3733196331465498, 0.39646458657498057, 0.40548227885936167, 0.37541109703956765, 0.4207310077357799, 0.3480033408454124, 0.4105980580157422, 0.36759593226808185, 0.3954979016425762, 0.36753885257751384, 0.3680326497935234, 0.4170427534808504, 0.3743768508764023, 0.3947439364930417, 0.36916127547304683, 0.39931973656441305, 0.3635423570237261, 0.35431897703637466, 0.3917626218592867, 0.37339753229567346, 0.362036702480722, 0.3845463040027213, 0.36482351194036766, 0.35986135614679216, 0.45421214433426554, 0.39590112547925177, 0.3954095811919963, 0.35893573310781035, 0.3665153628334086, 0.3528377737136597, 0.3578000176460185, 0.3500913844463673, 0.3564415371164362, 0.36838372749217013, 0.3387523293495178, 0.3793182477672049, 0.35749320527340506, 0.3814595189500362, 0.3556963173632926, 0.4158766142865445, 0.3967856013394417], "test acc": [79.23404417646692, 82.45744786363967, 83.39893738766933, 85.39893754999689, 85.01595817728246, 84.53191692271132, 85.54255489592856, 86.0904266682077, 85.64361823873317, 86.89893771232443, 86.29255489592856, 85.79255505825611, 86.79787396370097, 85.30319286914582, 87.67553361933282, 85.50000146094789, 86.95212830888464, 86.45744826945852, 86.92553361933282, 87.18085220012259, 85.31915039711811, 87.02127870600275, 86.30319238216319, 86.68085179430373, 86.12766046726958, 87.13298050900723, 87.52127805669257, 86.26595809611868, 86.86702265637986, 87.13829868397814, 86.64361921269843, 86.85106529073512, 87.26595809611868, 84.51063959649268, 85.98404417646692, 86.36702233172477, 87.4042562931142, 86.95212920168613, 87.43085260594145, 87.50000146094789, 87.71276831119619, 87.4946832048132, 86.86702184474214, 87.87766144123484, 86.83510808741792, 87.28191627340114, 86.5531926256545, 87.62766111657974, 85.43617191720516, 86.53191578641851], "time": ["2021-04-25T13:11:47.614322", "2021-04-25T13:15:51.066515", "2021-04-25T13:19:47.039346", "2021-04-25T13:23:43.001498", "2021-04-25T13:27:39.124343", "2021-04-25T13:31:35.213123", "2021-04-25T13:35:31.700710", "2021-04-25T13:39:27.747352", "2021-04-25T13:43:24.000198", "2021-04-25T13:47:20.024146", "2021-04-25T13:51:15.999913", "2021-04-25T13:55:12.055950", "2021-04-25T13:59:08.236540", "2021-04-25T14:03:03.019001", "2021-04-25T14:06:58.969294", "2021-04-25T14:10:55.309336", "2021-04-25T14:14:51.626314", "2021-04-25T14:18:47.751954", "2021-04-25T14:22:43.730050", "2021-04-25T14:26:39.762515", "2021-04-25T14:30:37.277413", "2021-04-25T14:34:33.816607", "2021-04-25T14:38:29.975337", "2021-04-25T14:42:26.305430", "2021-04-25T14:46:22.283816", "2021-04-25T14:50:18.444817", "2021-04-25T14:54:14.756314", "2021-04-25T14:58:10.818342", "2021-04-25T15:02:05.726253", "2021-04-25T15:06:01.865647", "2021-04-25T15:09:57.869305", "2021-04-25T15:13:53.834310", "2021-04-25T15:17:49.625041", "2021-04-25T15:21:45.713347", "2021-04-25T15:25:41.360668", "2021-04-25T15:29:36.973360", "2021-04-25T15:33:32.806040", "2021-04-25T15:37:28.780942", "2021-04-25T15:41:24.539923", "2021-04-25T15:45:20.174225", "2021-04-25T15:49:15.937763", "2021-04-25T15:53:11.708484", "2021-04-25T15:57:07.676999", "2021-04-25T16:01:02.546452", "2021-04-25T16:04:57.959631", "2021-04-25T16:08:53.707095", "2021-04-25T16:12:49.120336", "2021-04-25T16:16:44.518956", "2021-04-25T16:20:39.867962", "2021-04-25T16:24:35.320721"]}