{"train loss": [0.7073850031946357, 0.4462519394789868, 0.40608064588434173, 0.3795340846331788, 0.362784906223873, 0.3465657586677932, 0.3357138307965979, 0.32410318012878925, 0.313910318912767, 0.3045928404327148, 0.29734503876134566, 0.288212292970377, 0.28117062098998896, 0.2731250077570608, 0.26772108045697346, 0.2615208606427022, 0.25392448529178246, 0.2470027362836882, 0.24368356213091993, 0.23737541082125924, 0.23146800959861238, 0.22665624443978646, 0.22197164515631695, 0.2146594116250719, 0.20907973595361026, 0.20507831411451, 0.19992799209547096, 0.19701463243713715, 0.18972801083062482, 0.18669249060712798, 0.18116023094645964, 0.17717575297503818, 0.1716917417689769, 0.1681973352081118, 0.16565310922065468, 0.15896207240920737, 0.15751465665394276, 0.15221646893240942, 0.1477511393098704, 0.14350702214846547, 0.14176448788515014, 0.13987923232113328, 0.13564334252466545, 0.13190130029765892, 0.12852679130015524, 0.12782996570718952, 0.12430417574688403, 0.11999718136197457, 0.12048791697360871, 0.11610101098691565], "train acc": [76.53589670828603, 84.08857122587968, 85.39922673098751, 86.11751560726447, 86.71431611804768, 87.27032491486946, 87.57271566401816, 87.9788592508513, 88.29632519863792, 88.60581015891033, 88.84612656072645, 89.09974460839955, 89.28330732122588, 89.62382945516458, 89.69211123723042, 89.99716231555051, 90.26496878547105, 90.45207860385925, 90.57356696935301, 90.76156356413166, 90.99035187287174, 91.04267167990919, 91.25727156640181, 91.49492763904654, 91.70243331441544, 91.78401674233825, 91.99152241770715, 92.05714387060159, 92.26110244040862, 92.47481555051078, 92.57856838819524, 92.78341373439274, 92.97761776390466, 93.08757803632236, 93.18157633371169, 93.51323070374575, 93.56022985244041, 93.78813138479, 93.91848751418843, 94.03820232690124, 94.18186010215663, 94.29891458569807, 94.49666572077184, 94.56849460839955, 94.72013337116913, 94.76979284903518, 94.93384648127129, 95.1280505107832, 95.07573070374575, 95.27170828603859], "test loss": [0.6459282262528196, 0.5504693775735003, 0.4337815613822734, 0.41898785182770265, 0.39635280440462395, 0.4082084875157539, 0.3423005275903864, 0.3701452371921945, 0.38418710802463774, 0.3347492319472293, 0.3423631121503546, 0.34667704333650307, 0.34065031878491664, 0.34834551399058483, 0.3392390856083403, 0.35725996088474354, 0.3429264562561157, 0.33330403743906223, 0.3347768678944162, 0.35305602404665437, 0.3587577054475216, 0.3458960747465174, 0.3515448855592849, 0.35551351435641027, 0.36705501694628534, 0.3565185637550151, 0.3515321625039933, 0.37704744776512716, 0.3673364409106843, 0.3789874280386783, 0.37785993389626765, 0.3796356241119669, 0.39146952838339705, 0.38228093309605377, 0.3825589659366202, 0.3929087500622932, 0.4161434788653191, 0.4131261690499935, 0.4292616562006321, 0.4536335357326142, 0.4139895071374609, 0.46631397877601866, 0.4548730675844436, 0.46728115005696075, 0.46512866210430226, 0.46693934183171454, 0.4724883088406096, 0.44685893299731805, 0.4701773340397693, 0.4785290924792594], "test acc": [77.96808656733087, 80.64361913153466, 84.5053207722116, 85.260639839984, 85.60106529073512, 85.47340490462932, 87.85106504724381, 87.12234212997112, 86.3936184010607, 88.12766087308843, 87.76063959649268, 87.47872551451339, 87.97340579743081, 87.43617281000665, 88.23936340656687, 87.54787290857193, 88.2765976114476, 88.47340522928441, 88.49468296132189, 87.82446962721805, 87.61702265637986, 88.00000146094789, 88.21808624267578, 88.11170285813351, 87.79255465243725, 88.18085236245014, 88.47872510869452, 87.75532093453914, 87.96276652559321, 87.77659720562875, 87.97872535218583, 87.71276749955847, 87.68617167371384, 88.12234172415226, 88.2287248652032, 88.04787396370097, 87.51595898892018, 87.63298075249854, 87.31915039711811, 86.84574524899746, 87.74468255550303, 86.69680956576732, 87.18617134905875, 87.3031929503096, 87.46808640500332, 87.33510881789188, 87.42553418747922, 87.47340563510326, 87.38297929155065, 87.17553370049659], "time": ["2021-04-25T05:07:23.155228", "2021-04-25T05:10:49.296579", "2021-04-25T05:14:07.587397", "2021-04-25T05:17:25.899531", "2021-04-25T05:20:44.363060", "2021-04-25T05:24:02.691281", "2021-04-25T05:27:21.154153", "2021-04-25T05:30:39.495082", "2021-04-25T05:33:57.765462", "2021-04-25T05:37:16.321483", "2021-04-25T05:40:34.687320", "2021-04-25T05:43:53.180202", "2021-04-25T05:47:11.561480", "2021-04-25T05:50:29.990423", "2021-04-25T05:53:48.245308", "2021-04-25T05:57:06.474415", "2021-04-25T06:00:24.807602", "2021-04-25T06:03:43.217506", "2021-04-25T06:07:01.903254", "2021-04-25T06:10:20.504342", "2021-04-25T06:13:38.976494", "2021-04-25T06:16:57.510072", "2021-04-25T06:20:15.885018", "2021-04-25T06:23:34.334028", "2021-04-25T06:26:52.748359", "2021-04-25T06:30:11.817645", "2021-04-25T06:33:31.082658", "2021-04-25T06:36:50.307199", "2021-04-25T06:40:09.414329", "2021-04-25T06:43:28.605109", "2021-04-25T06:46:47.685352", "2021-04-25T06:50:06.906867", "2021-04-25T06:53:26.194748", "2021-04-25T06:56:45.531430", "2021-04-25T07:00:04.589419", "2021-04-25T07:03:23.178144", "2021-04-25T07:06:42.282740", "2021-04-25T07:10:01.377651", "2021-04-25T07:13:20.543575", "2021-04-25T07:16:39.668839", "2021-04-25T07:19:59.004811", "2021-04-25T07:23:18.349322", "2021-04-25T07:26:37.727111", "2021-04-25T07:29:56.983333", "2021-04-25T07:33:16.040806", "2021-04-25T07:36:35.109863", "2021-04-25T07:39:54.197821", "2021-04-25T07:43:13.134523", "2021-04-25T07:46:32.097390", "2021-04-25T07:49:51.172474"]}